VARIABLE,TYPE,NGENES,BETA,BETA_STD,SE,P,bonf_significant,rank,Cluster ID,Cluster name,Supercluster,Class auto-annotation,Top three regions
Cluster251,COVAR,16231,53.233,0.083202,7.8002,4.6165e-12,True,1,251.0,MGE_251,MGE interneuron,NEUR,"Cerebral cortex: 94.0%, Hippocampus: 2.5%, Basal forebrain: 2.4%"
Cluster228,COVAR,16231,60.563,0.076876,9.2745,3.4165e-11,True,2,228.0,EMSN_228,Eccentric medium spiny neuron,NEUR,"Amygdala: 83.7%, Cerebral cortex: 12.2%, Thalamus: 1.9%"
Cluster286,COVAR,16231,54.555,0.077733,8.4869,6.6972e-11,True,3,286.0,CGE_286,CGE interneuron,NEUR,"Cerebral cortex: 70.6%, Hippocampus: 13.8%, Amygdala: 10.2%"
Cluster132,COVAR,16231,44.789,0.071293,7.2917,4.1896e-10,True,4,132.0,Misc_132,Miscellaneous,NEUR,"Cerebral cortex: 98.4%, Hippocampus: 0.8%, Midbrain: 0.8%"
Cluster231,COVAR,16231,54.204,0.072273,8.9527,7.2527e-10,True,5,231.0,EMSN_231,Eccentric medium spiny neuron,NEUR,"Amygdala: 60.2%, Basal forebrain: 16.4%, Cerebral cortex: 13.7%"
Cluster242,COVAR,16231,56.024,0.071657,9.3341,1.0014e-09,True,6,242.0,MGE_242,MGE interneuron,NEUR,"Cerebral cortex: 90.8%, Hippocampus: 4.6%, Basal forebrain: 1.8%"
Cluster278,COVAR,16231,49.76,0.071777,8.4133,1.7099e-09,True,7,278.0,CGE_278,CGE interneuron,NEUR,"Cerebral cortex: 78.0%, Amygdala: 10.4%, Hippocampus: 8.1%"
Cluster233,COVAR,16231,51.115,0.067942,8.8411,3.7929e-09,True,8,233.0,EMSN_233,Eccentric medium spiny neuron,NEUR,"Amygdala: 73.7%, Thalamus: 9.5%, Hypothalamus: 5.8%"
Cluster288,COVAR,16231,50.02,0.070297,8.6561,3.8589e-09,True,9,288.0,CGE_288,CGE interneuron,NEUR,"Cerebral cortex: 70.6%, Amygdala: 13.7%, Hippocampus: 6.3%"
Cluster283,COVAR,16231,50.624,0.069012,8.8562,5.5718e-09,True,10,283.0,CGE_283,CGE interneuron,NEUR,"Cerebral cortex: 81.0%, Hippocampus: 9.3%, Amygdala: 5.0%"
Cluster234,COVAR,16231,54.753,0.067924,9.5801,5.6038e-09,True,11,234.0,EMSN_234,Eccentric medium spiny neuron,NEUR,"Amygdala: 75.9%, Cerebral cortex: 14.6%, Thalamus: 5.4%"
Cluster424,COVAR,16231,56.354,0.065379,10.044,1.0285e-08,True,12,424.0,Splat_424,Splatter,NEUR,"Amygdala: 34.9%, Hypothalamus: 32.8%, Thalamus: 29.6%"
Cluster426,COVAR,16231,57.31,0.063251,10.675,4.0419e-08,True,13,426.0,EMSN_426,Eccentric medium spiny neuron,NEUR,"Amygdala: 81.9%, Cerebral cortex: 10.0%, Thalamus: 3.2%"
Cluster252,COVAR,16231,44.679,0.065522,8.4636,6.6074e-08,True,14,252.0,MGE_252,MGE interneuron,NEUR,"Cerebral cortex: 85.8%, Hippocampus: 8.0%, Basal forebrain: 3.6%"
Cluster140,COVAR,16231,45.638,0.06284,8.7196,8.4333e-08,True,15,140.0,DLIT_140,Deep-layer intratelencephalic,NEUR,"Cerebral cortex: 99.2%, Hippocampus: 0.5%, Basal forebrain: 0.2%"
Cluster294,COVAR,16231,44.118,0.061379,8.5108,1.1048e-07,True,16,294.0,CGE_294,CGE interneuron,NEUR,"Cerebral cortex: 64.4%, Hippocampus: 14.7%, Amygdala: 10.8%"
Cluster389,COVAR,16231,41.588,0.061212,8.0652,1.2777e-07,True,17,389.0,Splat_389,Splatter,NEUR,"Pons: 67.3%, Midbrain: 29.6%, Thalamus: 2.4%"
Cluster428,COVAR,16231,46.808,0.059952,9.155,1.6108e-07,True,18,428.0,Splat_428,Splatter,NEUR,"Basal forebrain: 59.7%, Amygdala: 16.1%, Hypothalamus: 13.8%"
Cluster287,COVAR,16231,36.822,0.060106,7.3146,2.4345e-07,True,19,287.0,CGE_287,CGE interneuron,NEUR,"Cerebral cortex: 53.6%, Amygdala: 17.5%, Hippocampus: 15.0%"
Cluster293,COVAR,16231,36.851,0.059217,7.342,2.6304e-07,True,20,293.0,CGE_293,CGE interneuron,NEUR,"Cerebral cortex: 70.3%, Hippocampus: 15.1%, Amygdala: 8.5%"
Cluster141,COVAR,16231,41.214,0.059356,8.2999,3.4699e-07,True,21,141.0,DLIT_141,Deep-layer intratelencephalic,NEUR,"Cerebral cortex: 95.4%, Basal forebrain: 2.0%, Hippocampus: 1.4%"
Cluster229,COVAR,16231,40.597,0.056409,8.3165,5.3302e-07,True,22,229.0,EMSN_229,Eccentric medium spiny neuron,NEUR,"Amygdala: 56.1%, Basal forebrain: 28.8%, Cerebral cortex: 11.2%"
Cluster133,COVAR,16231,45.431,0.058392,9.3236,5.5731e-07,True,23,133.0,ULIT_133,Upper-layer intratelencephalic,NEUR,"Cerebral cortex: 100.0%, Basal forebrain: 0.0%, Hypothalamus: 0.0%"
Cluster280,COVAR,16231,42.068,0.058728,8.6582,5.981e-07,True,24,280.0,CGE_280,CGE interneuron,NEUR,"Cerebral cortex: 73.7%, Amygdala: 13.3%, Hippocampus: 7.8%"
Cluster422,COVAR,16231,44.528,0.056907,9.2609,7.7046e-07,True,25,422.0,Splat_422,Splatter,NEUR,"Hypothalamus: 44.2%, Amygdala: 23.2%, Thalamus: 20.2%"
Cluster239,COVAR,16231,43.296,0.058152,9.0224,8.0771e-07,True,26,239.0,MGE_239,MGE interneuron,NEUR,"Cerebral cortex: 95.4%, Hippocampus: 1.5%, Basal forebrain: 1.2%"
Cluster273,COVAR,16231,43.757,0.05841,9.1583,8.961e-07,True,27,273.0,LLC_273,LAMP5-LHX6 and Chandelier,NEUR,"Amygdala: 44.9%, Cerebral cortex: 33.4%, Hippocampus: 7.3%"
Cluster177,COVAR,16231,40.321,0.056509,8.5133,1.101e-06,True,28,177.0,Misc_177,Miscellaneous,NEUR,"Hippocampus: 68.2%, Midbrain: 20.5%, Cerebral cortex: 10.8%"
Cluster296,COVAR,16231,35.06,0.054382,7.4919,1.452e-06,True,29,296.0,CGE_296,CGE interneuron,NEUR,"Cerebral cortex: 72.9%, Amygdala: 10.5%, Hippocampus: 9.0%"
Cluster396,COVAR,16231,31.596,0.054827,6.7734,1.562e-06,True,30,396.0,Splat_396,Splatter,NEUR,"Pons: 66.2%, Midbrain: 31.2%, Hypothalamus: 1.2%"
Cluster230,COVAR,16231,37.334,0.056059,8.0352,1.7072e-06,True,31,230.0,EMSN_230,Eccentric medium spiny neuron,NEUR,"Amygdala: 41.5%, Basal forebrain: 26.8%, Cerebral cortex: 15.8%"
Cluster241,COVAR,16231,38.386,0.056483,8.306,1.9242e-06,True,32,241.0,MGE_241,MGE interneuron,NEUR,"Cerebral cortex: 90.2%, Basal forebrain: 3.5%, Hippocampus: 2.5%"
Cluster155,COVAR,16231,40.479,0.053728,8.9116,2.8099e-06,True,33,155.0,Amex_155,Amygdala excitatory,NEUR,"Amygdala: 99.6%, Cerebral cortex: 0.2%, Hippocampus: 0.2%"
Cluster232,COVAR,16231,39.145,0.053264,8.6451,3.0052e-06,True,34,232.0,EMSN_232,Eccentric medium spiny neuron,NEUR,"Basal forebrain: 32.8%, Amygdala: 30.3%, Hypothalamus: 20.9%"
Cluster386,COVAR,16231,27.391,0.050183,6.0718,3.2537e-06,True,35,386.0,Splat_386,Splatter,NEUR,"Medulla: 98.2%, Pons: 1.2%, Midbrain: 0.6%"
Cluster284,COVAR,16231,36.629,0.05314,8.1274,3.3206e-06,True,36,284.0,CGE_284,CGE interneuron,NEUR,"Cerebral cortex: 74.7%, Amygdala: 9.9%, Hippocampus: 9.3%"
Cluster295,COVAR,16231,30.538,0.053077,6.7776,3.3382e-06,True,37,295.0,CGE_295,CGE interneuron,NEUR,"Cerebral cortex: 67.0%, Amygdala: 17.8%, Hippocampus: 8.6%"
Cluster178,COVAR,16231,33.013,0.05278,7.3827,3.9153e-06,True,38,178.0,Misc_178,Miscellaneous,NEUR,"Hippocampus: 43.8%, Midbrain: 29.4%, Cerebral cortex: 26.8%"
Cluster305,COVAR,16231,19.538,0.048704,4.469,6.2128e-06,True,39,305.0,CBI_305,Cerebellar inhibitory,NEUR,"Cerebellum: 88.0%, Pons: 4.7%, Midbrain: 3.7%"
Cluster139,COVAR,16231,34.374,0.052392,7.8779,6.4564e-06,True,40,139.0,DLIT_139,Deep-layer intratelencephalic,NEUR,"Cerebral cortex: 95.2%, Basal forebrain: 1.9%, Hippocampus: 1.5%"
Cluster405,COVAR,16231,42.917,0.051565,9.8764,7.0061e-06,True,41,405.0,Amex_405,Amygdala excitatory,NEUR,"Cerebral cortex: 41.9%, Hypothalamus: 27.8%, Amygdala: 27.3%"
Cluster136,COVAR,16231,26.963,0.048571,6.2596,8.3243e-06,True,42,136.0,DLIT_136,Deep-layer intratelencephalic,NEUR,"Amygdala: 54.6%, Cerebral cortex: 36.2%, Hypothalamus: 8.6%"
Cluster123,COVAR,16231,38.723,0.051113,9.0963,1.0436e-05,True,43,123.0,ULIT_123,Upper-layer intratelencephalic,NEUR,"Cerebral cortex: 99.2%, Hippocampus: 0.4%, Basal forebrain: 0.3%"
Cluster243,COVAR,16231,36.665,0.052379,8.6263,1.0748e-05,True,44,243.0,MGE_243,MGE interneuron,NEUR,"Cerebral cortex: 96.3%, Hippocampus: 1.4%, Basal forebrain: 1.1%"
Cluster290,COVAR,16231,31.663,0.049631,7.4927,1.1985e-05,True,45,290.0,CGE_290,CGE interneuron,NEUR,"Cerebral cortex: 83.0%, Hippocampus: 8.5%, Amygdala: 5.2%"
Cluster240,COVAR,16231,37.933,0.050211,9.0319,1.3445e-05,True,46,240.0,MGE_240,MGE interneuron,NEUR,"Cerebral cortex: 92.3%, Amygdala: 3.0%, Hippocampus: 2.3%"
Cluster149,COVAR,16231,36.28,0.048887,8.6388,1.3461e-05,True,47,149.0,DLIT_149,Deep-layer intratelencephalic,NEUR,"Cerebral cortex: 98.6%, Basal forebrain: 0.6%, Hippocampus: 0.5%"
Cluster410,COVAR,16231,19.908,0.045913,4.7857,1.6026e-05,True,48,410.0,Splat_410,Splatter,NEUR,"Hypothalamus: 82.0%, Thalamus: 11.6%, Amygdala: 5.2%"
Cluster419,COVAR,16231,37.705,0.04953,9.0767,1.6442e-05,True,49,419.0,Amex_419,Amygdala excitatory,NEUR,"Amygdala: 78.9%, Cerebral cortex: 14.0%, Thalamus: 5.1%"
Cluster227,COVAR,16231,32.525,0.047527,7.9456,2.1382e-05,True,50,227.0,EMSN_227,Eccentric medium spiny neuron,NEUR,"Amygdala: 52.6%, Basal forebrain: 20.6%, Hypothalamus: 20.3%"
Cluster275,COVAR,16231,32.866,0.04943,8.0371,2.1775e-05,True,51,275.0,LLC_275,LAMP5-LHX6 and Chandelier,NEUR,"Cerebral cortex: 66.0%, Amygdala: 16.5%, Basal forebrain: 9.9%"
Cluster439,COVAR,16231,25.988,0.047273,6.4116,2.5407e-05,True,52,439.0,Midi_439,Midbrain-derived inhibitory,NEUR,"Midbrain: 52.8%, Thalamus: 31.3%, Pons: 10.7%"
Cluster137,COVAR,16231,30.652,0.049006,7.564,2.5512e-05,True,53,137.0,DLIT_137,Deep-layer intratelencephalic,NEUR,"Cerebral cortex: 94.4%, Basal forebrain: 2.1%, Hippocampus: 1.9%"
Cluster416,COVAR,16231,26.969,0.048821,6.6661,2.6236e-05,True,54,416.0,Splat_416,Splatter,NEUR,"Hypothalamus: 65.4%, Thalamus: 17.9%, Amygdala: 8.1%"
Cluster250,COVAR,16231,30.228,0.051236,7.4912,2.7446e-05,True,55,250.0,MGE_250,MGE interneuron,NEUR,"Cerebral cortex: 92.5%, Hippocampus: 2.4%, Basal forebrain: 2.2%"
Cluster360,COVAR,16231,29.7,0.049068,7.383,2.8942e-05,True,56,360.0,Splat_360,Splatter,NEUR,"Midbrain: 99.1%, Pons: 0.8%, Thalamus: 0.1%"
Cluster332,COVAR,16231,29.998,0.048182,7.4724,2.996e-05,True,57,332.0,Mmb_332,Mammillary body,NEUR,"Hypothalamus: 99.9%, Thalamus: 0.1%, Cerebral cortex: 0.0%"
Cluster404,COVAR,16231,39.118,0.045168,9.7699,3.1331e-05,True,58,404.0,Misc_404,Miscellaneous,NEUR,"Cerebral cortex: 94.4%, Amygdala: 2.5%, Basal forebrain: 1.2%"
Cluster359,COVAR,16231,28.941,0.047413,7.2348,3.1824e-05,True,59,359.0,Splat_359,Splatter,NEUR,"Midbrain: 99.1%, Thalamus: 0.4%, Pons: 0.3%"
Cluster427,COVAR,16231,34.56,0.045111,8.7374,3.842e-05,True,60,427.0,MSN_427,Medium spiny neuron,NEUR,"Amygdala: 56.6%, Hypothalamus: 19.3%, Thalamus: 14.0%"
Cluster262,COVAR,16231,35.525,0.047272,9.0005,3.9795e-05,True,61,262.0,MGE_262,MGE interneuron,NEUR,"Cerebral cortex: 94.5%, Basal forebrain: 2.1%, Hippocampus: 1.8%"
Cluster217,COVAR,16231,39.287,0.047088,9.9699,4.0879e-05,True,62,217.0,MSN_217,Medium spiny neuron,NEUR,"Amygdala: 69.5%, Basal forebrain: 15.7%, Hypothalamus: 7.4%"
Cluster370,COVAR,16231,32.983,0.045853,8.3995,4.3278e-05,True,63,370.0,Splat_370,Splatter,NEUR,"Midbrain: 98.8%, Pons: 0.5%, Thalamus: 0.5%"
Cluster285,COVAR,16231,32.013,0.045614,8.186,4.6257e-05,True,64,285.0,CGE_285,CGE interneuron,NEUR,"Cerebral cortex: 62.9%, Hippocampus: 22.3%, Amygdala: 9.5%"
Cluster225,COVAR,16231,29.405,0.046007,7.5565,5.0098e-05,True,65,225.0,EMSN_225,Eccentric medium spiny neuron,NEUR,"Amygdala: 47.2%, Basal forebrain: 33.3%, Cerebral cortex: 10.2%"
Cluster245,COVAR,16231,33.448,0.047652,8.619,5.2347e-05,True,66,245.0,MGE_245,MGE interneuron,NEUR,"Amygdala: 50.6%, Cerebral cortex: 31.0%, Hippocampus: 15.3%"
Cluster259,COVAR,16231,35.745,0.047024,9.2289,5.3992e-05,True,67,259.0,MGE_259,MGE interneuron,NEUR,"Cerebral cortex: 89.3%, Amygdala: 3.4%, Hippocampus: 3.3%"
Cluster388,COVAR,16231,23.087,0.045193,5.9622,5.421e-05,True,68,388.0,Splat_388,Splatter,NEUR,"Pons: 90.9%, Hypothalamus: 4.1%, Amygdala: 3.6%"
Cluster328,COVAR,16231,25.784,0.043811,6.7738,7.0835e-05,True,69,328.0,Mmb_328,Mammillary body,NEUR,"Hypothalamus: 100.0%, Cerebral cortex: 0.0%, Amygdala: 0.0%"
Cluster291,COVAR,16231,31.13,0.044336,8.2061,7.4637e-05,True,70,291.0,CGE_291,CGE interneuron,NEUR,"Cerebral cortex: 75.1%, Hippocampus: 14.3%, Amygdala: 7.1%"
Cluster415,COVAR,16231,25.358,0.042027,6.7386,8.4286e-05,True,71,415.0,Splat_415,Splatter,NEUR,"Hypothalamus: 78.7%, Midbrain: 7.6%, Thalamus: 3.7%"
Cluster377,COVAR,16231,26.066,0.042587,6.9409,8.6951e-05,True,72,377.0,Splat_377,Splatter,NEUR,"Hypothalamus: 33.0%, Amygdala: 32.4%, Thalamus: 31.4%"
Cluster417,COVAR,16231,27.99,0.043967,7.4586,8.7883e-05,True,73,417.0,Splat_417,Splatter,NEUR,"Hypothalamus: 95.8%, Midbrain: 4.0%, Amygdala: 0.1%"
Cluster311,COVAR,16231,15.575,0.046385,4.1512,8.8146e-05,True,74,311.0,URL_311,Upper rhombic lip,NEUR,"Cerebellum: 72.7%, Medulla: 10.3%, Pons: 8.2%"
Cluster403,COVAR,16231,23.713,0.043156,6.3288,8.9975e-05,True,75,403.0,Splat_403,Splatter,NEUR,"Cerebral cortex: 45.6%, Amygdala: 33.5%, Hypothalamus: 9.8%"
Cluster289,COVAR,16231,24.776,0.043252,6.6147,9.0375e-05,True,76,289.0,CGE_289,CGE interneuron,NEUR,"Cerebral cortex: 82.1%, Hippocampus: 7.9%, Amygdala: 5.8%"
Cluster306,COVAR,16231,19.854,0.042485,5.3151,9.41e-05,True,77,306.0,CBI_306,Cerebellar inhibitory,,"Cerebellum: 91.6%, Pons: 3.4%, Medulla: 3.3%"
Cluster307,COVAR,16231,21.44,0.043376,5.7437,9.5133e-05,True,78,307.0,CBI_307,Cerebellar inhibitory,NEUR,"Cerebellum: 70.3%, Medulla: 12.1%, Pons: 11.7%"
Cluster425,COVAR,16231,35.398,0.043461,9.5055,9.8487e-05,True,79,425.0,Splat_425,Splatter,NEUR,"Thalamus: 35.4%, Hypothalamus: 29.5%, Amygdala: 29.1%"
Cluster274,COVAR,16231,30.794,0.044961,8.2771,9.9924e-05,True,80,274.0,LLC_274,LAMP5-LHX6 and Chandelier,NEUR,"Cerebral cortex: 84.6%, Basal forebrain: 5.9%, Hippocampus: 3.1%"
Cluster206,COVAR,16231,21.12,0.042486,5.6872,0.00010262,True,81,206.0,MSN_206,Medium spiny neuron,NEUR,"Hippocampus: 97.1%, Thalamus: 2.3%, Cerebral cortex: 0.6%"
Cluster349,COVAR,16231,24.674,0.047316,6.6713,0.00010892,False,82,349.0,Splat_349,Splatter,NEUR,"Medulla: 84.7%, Spinal cord: 12.7%, Pons: 1.7%"
Cluster148,COVAR,16231,32.526,0.043934,8.8755,0.00012433,False,83,148.0,DLIT_148,Deep-layer intratelencephalic,NEUR,"Cerebral cortex: 85.2%, Basal forebrain: 6.0%, Amygdala: 5.0%"
Cluster350,COVAR,16231,25.806,0.043303,7.0504,0.00012651,False,84,350.0,Splat_350,Splatter,NEUR,"Medulla: 98.2%, Spinal cord: 1.0%, Pons: 0.7%"
Cluster122,COVAR,16231,32.941,0.044304,9.0144,0.00012952,False,85,122.0,ULIT_122,Upper-layer intratelencephalic,NEUR,"Cerebral cortex: 93.9%, Basal forebrain: 2.6%, Hippocampus: 1.7%"
Cluster381,COVAR,16231,24.847,0.04507,6.8026,0.00013037,False,86,381.0,Splat_381,Splatter,NEUR,"Pons: 83.9%, Midbrain: 15.4%, Medulla: 0.5%"
Cluster310,COVAR,16231,17.425,0.043477,4.7803,0.00013415,False,87,310.0,URL_310,Upper rhombic lip,NEUR,"Cerebellum: 52.4%, Pons: 26.2%, Medulla: 15.1%"
Cluster248,COVAR,16231,30.377,0.044962,8.3467,0.00013721,False,88,248.0,MGE_248,MGE interneuron,NEUR,"Cerebral cortex: 78.8%, Hippocampus: 12.5%, Amygdala: 5.0%"
Cluster260,COVAR,16231,30.864,0.043129,8.586,0.00016306,False,89,260.0,MGE_260,MGE interneuron,NEUR,"Cerebral cortex: 86.4%, Amygdala: 4.6%, Basal forebrain: 4.2%"
Cluster385,COVAR,16231,31.373,0.042376,8.7361,0.00016525,False,90,385.0,Splat_385,Splatter,NEUR,"Hypothalamus: 93.4%, Midbrain: 4.5%, Amygdala: 0.8%"
Cluster226,COVAR,16231,30.155,0.041668,8.4854,0.00019065,False,91,226.0,EMSN_226,Eccentric medium spiny neuron,NEUR,"Basal forebrain: 33.6%, Amygdala: 33.3%, Hypothalamus: 19.3%"
Cluster346,COVAR,16231,15.339,0.044343,4.3496,0.00021127,False,92,346.0,Splat_346,Splatter,NEUR,"Medulla: 60.2%, Spinal cord: 39.4%, Pons: 0.3%"
Cluster179,COVAR,16231,27.386,0.04286,7.7846,0.00021827,False,93,179.0,CA13_179,Hippocampal CA1-3,NEUR,"Hippocampus: 97.2%, Cerebral cortex: 2.8%, Amygdala: 0.0%"
Cluster271,COVAR,16231,29.778,0.042553,8.4704,0.0002202,False,94,271.0,LLC_271,LAMP5-LHX6 and Chandelier,NEUR,"Cerebral cortex: 63.9%, Amygdala: 16.6%, Hippocampus: 9.9%"
Cluster249,COVAR,16231,32.235,0.042391,9.1937,0.00022811,False,95,249.0,MGE_249,MGE interneuron,NEUR,"Cerebral cortex: 61.8%, Hippocampus: 23.3%, Amygdala: 10.2%"
Cluster401,COVAR,16231,17.69,0.040317,5.0518,0.00023191,False,96,401.0,Misc_401,Miscellaneous,NEUR,"Hippocampus: 76.2%, Amygdala: 19.4%, Cerebral cortex: 4.4%"
Cluster292,COVAR,16231,28.52,0.041846,8.1523,0.00023488,False,97,292.0,CGE_292,CGE interneuron,NEUR,"Cerebral cortex: 86.1%, Hippocampus: 7.4%, Amygdala: 3.1%"
Cluster456,COVAR,16231,27.492,0.040655,7.8779,0.00024258,False,98,456.0,Thex_456,Thalamic excitatory,NEUR,"Thalamus: 99.8%, Hippocampus: 0.2%, Cerebral cortex: 0.0%"
Cluster429,COVAR,16231,27.268,0.040885,7.893,0.00027635,False,99,429.0,Splat_429,Splatter,NEUR,"Basal forebrain: 55.9%, Amygdala: 24.1%, Thalamus: 12.9%"
Cluster224,COVAR,16231,29.159,0.041281,8.4665,0.00028755,False,100,224.0,EMSN_224,Eccentric medium spiny neuron,NEUR,"Basal forebrain: 70.9%, Amygdala: 13.6%, Cerebral cortex: 8.2%"
Cluster382,COVAR,16231,22.743,0.039811,6.6186,0.00029586,False,101,382.0,Splat_382,Splatter,NEUR,"Amygdala: 32.1%, Hypothalamus: 30.4%, Basal forebrain: 21.9%"
Cluster223,COVAR,16231,22.407,0.039574,6.5438,0.00030944,False,102,223.0,EMSN_223,Eccentric medium spiny neuron,NEUR,"Basal forebrain: 74.1%, Amygdala: 12.2%, Thalamus: 9.6%"
Cluster270,COVAR,16231,27.254,0.040994,8.0204,0.00034035,False,103,270.0,LLC_270,LAMP5-LHX6 and Chandelier,NEUR,"Cerebral cortex: 86.2%, Hippocampus: 6.7%, Thalamus: 3.3%"
Cluster364,COVAR,16231,24.443,0.04078,7.2046,0.00034723,False,104,364.0,Splat_364,Splatter,NEUR,"Midbrain: 99.6%, Thalamus: 0.2%, Medulla: 0.1%"
Cluster430,COVAR,16231,24.828,0.039836,7.3227,0.00034993,False,105,430.0,MSN_430,Medium spiny neuron,NEUR,"Amygdala: 87.9%, Hypothalamus: 6.5%, Thalamus: 3.4%"
Cluster146,COVAR,16231,29.864,0.040807,8.8178,0.00035475,False,106,146.0,DLIT_146,Deep-layer intratelencephalic,NEUR,"Amygdala: 65.4%, Cerebral cortex: 33.1%, Hypothalamus: 0.8%"
Cluster138,COVAR,16231,25.028,0.042194,7.4074,0.00036518,False,107,138.0,ULIT_138,Upper-layer intratelencephalic,NEUR,"Cerebral cortex: 96.4%, Basal forebrain: 1.2%, Hippocampus: 1.2%"
Cluster371,COVAR,16231,20.591,0.039499,6.1139,0.00037996,False,108,371.0,Splat_371,Splatter,NEUR,"Midbrain: 99.7%, Cerebellum: 0.3%, Cerebral cortex: 0.0%"
Cluster264,COVAR,16231,27.289,0.039963,8.1176,0.00038839,False,109,264.0,LLC_264,LAMP5-LHX6 and Chandelier,,"Cerebral cortex: 84.5%, Amygdala: 5.7%, Basal forebrain: 4.7%"
Cluster150,COVAR,16231,19.208,0.039127,5.757,0.00042542,False,110,150.0,DLIT_150,Deep-layer intratelencephalic,NEUR,"Cerebral cortex: 95.3%, Hippocampus: 2.2%, Basal forebrain: 1.3%"
Cluster423,COVAR,16231,35.756,0.039728,10.723,0.00042848,False,111,423.0,Splat_423,Splatter,NEUR,"Amygdala: 50.6%, Thalamus: 19.8%, Hypothalamus: 15.4%"
Cluster363,COVAR,16231,19.573,0.039754,5.8913,0.00044757,False,112,363.0,Splat_363,Splatter,NEUR,"Thalamus: 64.4%, Basal forebrain: 20.9%, Hypothalamus: 7.4%"
Cluster281,COVAR,16231,21.041,0.03873,6.3588,0.0004695,False,113,281.0,CGE_281,CGE interneuron,NEUR,"Cerebral cortex: 70.5%, Amygdala: 13.0%, Hippocampus: 10.6%"
Cluster269,COVAR,16231,30.244,0.039787,9.1614,0.00048277,False,114,269.0,LLC_269,LAMP5-LHX6 and Chandelier,NEUR,"Cerebral cortex: 43.7%, Hippocampus: 25.7%, Amygdala: 22.8%"
Cluster421,COVAR,16231,24.095,0.038202,7.3358,0.00051209,False,115,421.0,Splat_421,Splatter,NEUR,"Hypothalamus: 64.1%, Amygdala: 19.7%, Thalamus: 14.8%"
Cluster331,COVAR,16231,20.543,0.036022,6.2594,0.00051702,False,116,331.0,Mmb_331,Mammillary body,NEUR,"Hypothalamus: 96.6%, Midbrain: 2.3%, Cerebral cortex: 1.1%"
Cluster266,COVAR,16231,26.268,0.038338,8.0097,0.00052135,False,117,266.0,LLC_266,LAMP5-LHX6 and Chandelier,NEUR,"Amygdala: 42.8%, Hippocampus: 27.1%, Cerebral cortex: 25.1%"
Cluster162,COVAR,16231,23.996,0.038104,7.3247,0.00052784,False,118,162.0,Amex_162,Amygdala excitatory,NEUR,"Amygdala: 84.9%, Hippocampus: 8.9%, Cerebral cortex: 6.2%"
Cluster420,COVAR,16231,23.321,0.036864,7.1245,0.00053281,False,119,420.0,Splat_420,Splatter,NEUR,"Thalamus: 46.3%, Hypothalamus: 26.8%, Amygdala: 24.7%"
Cluster244,COVAR,16231,25.958,0.038833,8.0077,0.00059577,False,120,244.0,MGE_244,MGE interneuron,NEUR,"Cerebral cortex: 77.4%, Amygdala: 13.7%, Hippocampus: 6.5%"
Cluster128,COVAR,16231,27.504,0.038597,8.5489,0.00064876,False,121,128.0,ULIT_128,Upper-layer intratelencephalic,NEUR,"Cerebral cortex: 99.9%, Hypothalamus: 0.0%, Basal forebrain: 0.0%"
Cluster219,COVAR,16231,22.817,0.038128,7.0924,0.0006493,False,122,219.0,MSN_219,Medium spiny neuron,NEUR,"Amygdala: 33.2%, Basal forebrain: 32.8%, Hypothalamus: 18.6%"
Cluster411,COVAR,16231,15.753,0.036965,4.9055,0.00066219,False,123,411.0,Splat_411,Splatter,NEUR,"Hypothalamus: 99.2%, Amygdala: 0.2%, Midbrain: 0.2%"
Cluster355,COVAR,16231,31.06,0.037428,9.7643,0.00073572,False,124,355.0,Splat_355,Splatter,NEUR,"Midbrain: 87.7%, Pons: 9.3%, Thalamus: 2.4%"
Cluster144,COVAR,16231,26.521,0.038237,8.3433,0.00074138,False,125,144.0,DLIT_144,Deep-layer intratelencephalic,NEUR,"Cerebral cortex: 96.2%, Basal forebrain: 1.4%, Amygdala: 1.2%"
Cluster91,COVAR,16231,21.046,0.03786,6.6478,0.00077503,False,126,91.0,DLNP_91,Deep-layer near-projecting,NEUR,"Cerebral cortex: 89.4%, Basal forebrain: 4.7%, Hippocampus: 3.3%"
Cluster265,COVAR,16231,24.632,0.038094,7.8277,0.00082728,False,127,265.0,LLC_265,LAMP5-LHX6 and Chandelier,NEUR,"Cerebral cortex: 72.8%, Amygdala: 17.1%, Hippocampus: 5.1%"
Cluster378,COVAR,16231,21.779,0.036586,6.9295,0.00083851,False,128,378.0,Splat_378,Splatter,NEUR,"Amygdala: 29.4%, Basal forebrain: 25.2%, Hypothalamus: 22.3%"
Cluster109,COVAR,16231,27.632,0.037158,8.8268,0.00087465,False,129,109.0,DLCT6b_109,Deep-layer corticothalamic and 6b,NEUR,"Cerebral cortex: 94.0%, Hippocampus: 3.3%, Basal forebrain: 1.8%"
Cluster277,COVAR,16231,23.633,0.03701,7.5654,0.00089471,False,130,277.0,CGE_277,CGE interneuron,NEUR,"Cerebral cortex: 77.4%, Amygdala: 13.3%, Hippocampus: 6.1%"
Cluster156,COVAR,16231,24.855,0.035776,7.9608,0.00089951,False,131,156.0,Amex_156,Amygdala excitatory,NEUR,"Amygdala: 78.4%, Hippocampus: 19.2%, Cerebral cortex: 2.3%"
Cluster253,COVAR,16231,24.977,0.037814,8.0065,0.00090775,False,132,253.0,MGE_253,MGE interneuron,NEUR,"Cerebral cortex: 81.1%, Amygdala: 8.4%, Basal forebrain: 6.1%"
Cluster393,COVAR,16231,26.889,0.036452,8.7083,0.0010106,False,133,393.0,Splat_393,Splatter,NEUR,"Thalamus: 76.5%, Hypothalamus: 10.6%, Midbrain: 6.0%"
Cluster154,COVAR,16231,21.367,0.037078,6.9884,0.0011183,False,134,154.0,Amex_154,Amygdala excitatory,NEUR,"Amygdala: 87.5%, Cerebral cortex: 6.8%, Hippocampus: 5.7%"
Cluster120,COVAR,16231,26.276,0.036307,8.7,0.0012653,False,135,120.0,ULIT_120,Upper-layer intratelencephalic,NEUR,"Cerebral cortex: 91.5%, Hypothalamus: 4.6%, Basal forebrain: 2.9%"
Cluster309,COVAR,16231,17.883,0.036183,5.9523,0.0013333,False,136,309.0,URL_309,Upper rhombic lip,NEUR,"Pons: 89.0%, Cerebellum: 8.6%, Medulla: 1.6%"
Cluster379,COVAR,16231,18.36,0.034145,6.1118,0.0013348,False,137,379.0,Splat_379,Splatter,NEUR,"Pons: 99.2%, Medulla: 0.8%, Cerebral cortex: 0.0%"
Cluster358,COVAR,16231,25.548,0.034714,8.5684,0.0014362,False,138,358.0,Splat_358,Splatter,NEUR,"Midbrain: 91.5%, Thalamus: 7.8%, Pons: 0.4%"
Cluster135,COVAR,16231,17.833,0.035723,6.0446,0.0015909,False,139,135.0,ULIT_135,Upper-layer intratelencephalic,NEUR,"Cerebral cortex: 95.4%, Basal forebrain: 2.7%, Hippocampus: 1.0%"
Cluster93,COVAR,16231,22.746,0.034792,7.7289,0.0016284,False,140,93.0,DLNP_93,Deep-layer near-projecting,NEUR,"Cerebral cortex: 97.2%, Basal forebrain: 1.1%, Hypothalamus: 0.7%"
Cluster390,COVAR,16231,25.213,0.034012,8.5846,0.0016601,False,141,390.0,Splat_390,Splatter,NEUR,"Thalamus: 81.4%, Amygdala: 5.6%, Pons: 5.3%"
Cluster347,COVAR,16231,18.239,0.036409,6.2279,0.001706,False,142,347.0,Splat_347,Splatter,NEUR,"Medulla: 68.6%, Spinal cord: 29.3%, Pons: 0.9%"
Cluster367,COVAR,16231,27.652,0.034151,9.5187,0.0018394,False,143,367.0,Splat_367,Splatter,NEUR,"Midbrain: 96.9%, Thalamus: 2.6%, Pons: 0.3%"
Cluster254,COVAR,16231,19.45,0.036606,6.7074,0.0018705,False,144,254.0,MGE_254,MGE interneuron,NEUR,"Cerebral cortex: 77.9%, Hippocampus: 13.0%, Amygdala: 4.5%"
Cluster376,COVAR,16231,22.62,0.034007,7.8087,0.0018888,False,145,376.0,Splat_376,Splatter,NEUR,"Hypothalamus: 51.0%, Midbrain: 37.9%, Thalamus: 6.6%"
Cluster261,COVAR,16231,24.384,0.034357,8.4917,0.0020457,False,146,261.0,MGE_261,MGE interneuron,NEUR,"Cerebral cortex: 95.5%, Hippocampus: 1.4%, Basal forebrain: 1.4%"
Cluster198,COVAR,16231,17.728,0.033749,6.18,0.0020652,False,147,198.0,CA4_198,Hippocampal CA4,NEUR,"Hippocampus: 89.9%, Midbrain: 10.1%, Cerebral cortex: 0.0%"
Cluster276,COVAR,16231,21.681,0.033051,7.5701,0.0020952,False,148,276.0,CGE_276,CGE interneuron,NEUR,"Hippocampus: 73.7%, Amygdala: 13.0%, Cerebral cortex: 10.8%"
Cluster369,COVAR,16231,25.093,0.034432,8.8528,0.002299,False,149,369.0,Splat_369,Splatter,NEUR,"Midbrain: 96.5%, Thalamus: 2.3%, Pons: 0.6%"
Cluster108,COVAR,16231,26.591,0.034097,9.3896,0.0023173,False,150,108.0,DLCT6b_108,Deep-layer corticothalamic and 6b,NEUR,"Cerebral cortex: 89.4%, Hippocampus: 6.0%, Basal forebrain: 2.1%"
Cluster329,COVAR,16231,22.174,0.033772,7.8345,0.0023293,False,151,329.0,Mmb_329,Mammillary body,NEUR,"Hypothalamus: 99.7%, Midbrain: 0.3%, Thalamus: 0.1%"
Cluster220,COVAR,16231,21.598,0.033007,7.6878,0.0024858,False,152,220.0,MSN_220,Medium spiny neuron,NEUR,"Amygdala: 91.6%, Thalamus: 8.4%, Cerebral cortex: 0.0%"
Cluster399,COVAR,16231,9.6111,0.031391,3.4248,0.0025092,False,153,399.0,Splat_399,Splatter,NEUR,"Medulla: 99.3%, Pons: 0.5%, Cerebral cortex: 0.1%"
Cluster387,COVAR,16231,18.68,0.035114,6.6595,0.0025193,False,154,387.0,Splat_387,Splatter,NEUR,"Pons: 89.9%, Midbrain: 8.9%, Medulla: 0.7%"
Cluster391,COVAR,16231,18.107,0.031511,6.4606,0.0025377,False,155,391.0,Splat_391,Splatter,NEUR,"Hypothalamus: 92.3%, Thalamus: 3.3%, Midbrain: 2.8%"
Cluster147,COVAR,16231,25.918,0.032959,9.3602,0.0028162,False,156,147.0,DLIT_147,Deep-layer intratelencephalic,NEUR,"Cerebral cortex: 65.1%, Amygdala: 19.4%, Basal forebrain: 11.8%"
Cluster238,COVAR,16231,23.244,0.033084,8.4538,0.002988,False,157,238.0,Splat_238,Splatter,NEUR,"Basal forebrain: 57.1%, Amygdala: 27.7%, Cerebral cortex: 6.8%"
Cluster263,COVAR,16231,23.023,0.032877,8.4037,0.0030802,False,158,263.0,MGE_263,MGE interneuron,NEUR,"Cerebral cortex: 98.5%, Basal forebrain: 0.6%, Hippocampus: 0.4%"
Cluster312,COVAR,16231,10.6,0.035042,3.904,0.0033166,False,159,312.0,URL_312,Upper rhombic lip,NEUR,"Medulla: 61.0%, Pons: 34.8%, Cerebellum: 3.6%"
Cluster407,COVAR,16231,24.894,0.031664,9.2263,0.0034912,False,160,407.0,Amex_407,Amygdala excitatory,NEUR,"Amygdala: 72.6%, Cerebral cortex: 23.5%, Hippocampus: 2.7%"
Cluster374,COVAR,16231,18.508,0.031096,6.9535,0.003892,False,161,374.0,Splat_374,Splatter,NEUR,"Pons: 77.9%, Midbrain: 19.6%, Medulla: 2.0%"
Cluster237,COVAR,16231,25.655,0.032347,9.6434,0.0039082,False,162,237.0,Splat_237,Splatter,NEUR,"Amygdala: 57.4%, Cerebral cortex: 20.2%, Basal forebrain: 8.4%"
Cluster92,COVAR,16231,20.033,0.031834,7.5406,0.0039508,False,163,92.0,DLNP_92,Deep-layer near-projecting,NEUR,"Cerebral cortex: 94.7%, Hippocampus: 2.5%, Basal forebrain: 2.2%"
Cluster131,COVAR,16231,22.351,0.031112,8.5104,0.0043204,False,164,131.0,ULIT_131,Upper-layer intratelencephalic,NEUR,"Cerebral cortex: 99.9%, Hypothalamus: 0.0%, Basal forebrain: 0.0%"
Cluster375,COVAR,16231,16.474,0.030098,6.2966,0.0044498,False,165,375.0,Splat_375,Splatter,NEUR,"Thalamus: 94.3%, Midbrain: 5.4%, Pons: 0.1%"
Cluster440,COVAR,16231,20.134,0.031272,7.7176,0.0045474,False,166,440.0,Midi_440,Midbrain-derived inhibitory,NEUR,"Thalamus: 87.1%, Midbrain: 10.2%, Pons: 1.9%"
Cluster408,COVAR,16231,9.8664,0.029309,3.7891,0.0046142,False,167,408.0,Amex_408,Amygdala excitatory,NEUR,"Cerebral cortex: 82.2%, Amygdala: 13.3%, Hypothalamus: 4.4%"
Cluster129,COVAR,16231,21.96,0.03087,8.4929,0.0048654,False,168,129.0,ULIT_129,Upper-layer intratelencephalic,NEUR,"Cerebral cortex: 99.1%, Hippocampus: 0.4%, Basal forebrain: 0.4%"
Cluster134,COVAR,16231,19.875,0.03087,7.6882,0.0048727,False,169,134.0,ULIT_134,Upper-layer intratelencephalic,NEUR,"Cerebral cortex: 99.3%, Hippocampus: 0.5%, Basal forebrain: 0.2%"
Cluster282,COVAR,16231,15.571,0.030215,6.0263,0.0048922,False,170,282.0,CGE_282,CGE interneuron,NEUR,"Cerebral cortex: 82.6%, Hippocampus: 11.9%, Amygdala: 2.2%"
Cluster334,COVAR,16231,9.4976,0.030846,3.6944,0.0050787,False,171,334.0,Splat_334,Splatter,NEUR,"Thalamus: 91.7%, Midbrain: 8.2%, Pons: 0.1%"
Cluster344,COVAR,16231,14.86,0.030589,5.7858,0.0051148,False,172,344.0,Splat_344,Splatter,CHRP NEUR,"Medulla: 61.0%, Spinal cord: 21.9%, Pons: 14.9%"
Cluster130,COVAR,16231,22.997,0.030459,8.9733,0.005197,False,173,130.0,ULIT_130,Upper-layer intratelencephalic,NEUR,"Cerebral cortex: 97.8%, Amygdala: 0.7%, Basal forebrain: 0.7%"
Cluster90,COVAR,16231,17.903,0.030436,7.0109,0.0053372,False,174,90.0,DLNP_90,Deep-layer near-projecting,NEUR,"Cerebral cortex: 95.7%, Basal forebrain: 3.4%, Hypothalamus: 0.6%"
Cluster167,COVAR,16231,18.31,0.029561,7.353,0.0063914,False,175,167.0,Misc_167,Miscellaneous,NEUR,"Hippocampus: 76.8%, Cerebral cortex: 14.3%, Midbrain: 8.2%"
Cluster94,COVAR,16231,19.072,0.02957,7.6785,0.0065069,False,176,94.0,DLNP_94,Deep-layer near-projecting,NEUR,"Cerebral cortex: 94.1%, Hippocampus: 2.6%, Amygdala: 2.0%"
Cluster438,COVAR,16231,18.139,0.030498,7.3124,0.0065656,False,177,438.0,Midi_438,Midbrain-derived inhibitory,NEUR,"Midbrain: 44.9%, Thalamus: 38.0%, Hypothalamus: 8.8%"
Cluster304,COVAR,16231,11.681,0.028244,4.7203,0.0066748,False,178,304.0,CBI_304,Cerebellar inhibitory,,"Cerebellum: 95.5%, Pons: 2.4%, Medulla: 1.8%"
Cluster151,COVAR,16231,15.146,0.028916,6.1545,0.0069363,False,179,151.0,DLIT_151,Deep-layer intratelencephalic,NEUR,"Cerebral cortex: 44.8%, Amygdala: 33.6%, Basal forebrain: 21.4%"
Cluster267,COVAR,16231,20.873,0.030037,8.4855,0.0069577,False,180,267.0,LLC_267,LAMP5-LHX6 and Chandelier,NEUR,"Hippocampus: 80.6%, Cerebral cortex: 13.8%, Amygdala: 1.9%"
Cluster444,COVAR,16231,14.771,0.029044,6.0057,0.0069624,False,181,444.0,Midi_444,Midbrain-derived inhibitory,NEUR,"Thalamus: 83.2%, Midbrain: 14.0%, Pons: 1.9%"
Cluster163,COVAR,16231,14.944,0.027927,6.1379,0.0074604,False,182,163.0,CA13_163,Hippocampal CA1-3,NEUR,"Amygdala: 93.5%, Hippocampus: 5.9%, Hypothalamus: 0.4%"
Cluster356,COVAR,16231,22.296,0.02893,9.2262,0.0078399,False,183,356.0,Splat_356,Splatter,NEUR,"Midbrain: 67.5%, Pons: 20.1%, Thalamus: 9.5%"
Cluster383,COVAR,16231,14.875,0.027322,6.1637,0.00791,False,184,383.0,Splat_383,Splatter,NEUR,"Hypothalamus: 68.0%, Midbrain: 24.6%, Thalamus: 6.6%"
Cluster255,COVAR,16231,17.643,0.027397,7.4301,0.008792,False,185,255.0,MGE_255,MGE interneuron,NEUR,"Cerebral cortex: 67.2%, Amygdala: 13.0%, Hippocampus: 12.1%"
Cluster85,COVAR,16231,16.656,0.0277,7.0728,0.0092694,False,186,85.0,DLNP_85,Deep-layer near-projecting,NEUR,"Cerebral cortex: 47.1%, Basal forebrain: 37.0%, Hypothalamus: 10.9%"
Cluster368,COVAR,16231,14.619,0.029182,6.2667,0.0098362,False,187,368.0,Splat_368,Splatter,NEUR,"Midbrain: 84.5%, Thalamus: 13.4%, Pons: 1.5%"
Cluster170,COVAR,16231,17.727,0.027103,7.602,0.0098606,False,188,170.0,Misc_170,Miscellaneous,NEUR,"Hippocampus: 68.6%, Hypothalamus: 21.7%, Cerebral cortex: 6.4%"
Cluster272,COVAR,16231,14.275,0.025808,6.168,0.010332,False,189,272.0,LLC_272,LAMP5-LHX6 and Chandelier,NEUR,"Cerebral cortex: 67.5%, Amygdala: 16.1%, Basal forebrain: 7.8%"
Cluster196,COVAR,16231,15.141,0.027382,6.5814,0.010717,False,190,196.0,CA4_196,Hippocampal CA4,NEUR,"Hippocampus: 99.9%, Midbrain: 0.1%, Cerebral cortex: 0.0%"
Cluster395,COVAR,16231,10.681,0.026124,4.6549,0.010885,False,191,395.0,Splat_395,Splatter,NEUR,"Midbrain: 92.6%, Hypothalamus: 6.5%, Thalamus: 0.7%"
Cluster406,COVAR,16231,17.207,0.029215,7.5237,0.011104,False,192,406.0,Amex_406,Amygdala excitatory,NEUR,"Amygdala: 50.5%, Cerebral cortex: 46.9%, Hypothalamus: 2.4%"
Cluster357,COVAR,16231,15.882,0.026345,6.9781,0.011431,False,193,357.0,Splat_357,Splatter,NEUR,"Midbrain: 97.4%, Pons: 1.6%, Thalamus: 0.9%"
Cluster436,COVAR,16231,15.544,0.026166,6.967,0.012849,False,194,436.0,Midi_436,Midbrain-derived inhibitory,NEUR,"Thalamus: 82.2%, Midbrain: 17.5%, Hypothalamus: 0.1%"
Cluster142,COVAR,16231,13.858,0.027846,6.2156,0.012896,False,195,142.0,DLIT_142,Deep-layer intratelencephalic,NEUR,"Cerebral cortex: 96.0%, Hippocampus: 1.3%, Basal forebrain: 1.2%"
Cluster413,COVAR,16231,11.166,0.025486,5.0423,0.013411,False,196,413.0,Splat_413,Splatter,NEUR,"Hypothalamus: 92.1%, Midbrain: 5.8%, Pons: 1.4%"
Cluster279,COVAR,16231,16.573,0.025679,7.4895,0.013466,False,197,279.0,CGE_279,CGE interneuron,NEUR,"Cerebral cortex: 54.6%, Hippocampus: 26.0%, Amygdala: 14.6%"
Cluster441,COVAR,16231,16.848,0.02658,7.6259,0.013586,False,198,441.0,Midi_441,Midbrain-derived inhibitory,NEUR,"Thalamus: 89.9%, Midbrain: 8.8%, Pons: 0.7%"
Cluster202,COVAR,16231,15.061,0.024856,6.8766,0.014264,False,199,202.0,DG_202,Hippocampal dentate gyrus,NEUR,"Hippocampus: 100.0%, Cerebral cortex: 0.0%, Amygdala: 0.0%"
Cluster106,COVAR,16231,16.295,0.025837,7.4577,0.014455,False,200,106.0,DLCT6b_106,Deep-layer corticothalamic and 6b,NEUR,"Cerebral cortex: 99.0%, Hippocampus: 0.6%, Basal forebrain: 0.4%"
Cluster352,COVAR,16231,15.713,0.026087,7.2036,0.014592,False,201,352.0,Splat_352,Splatter,,"Midbrain: 97.3%, Pons: 0.9%, Medulla: 0.8%"
Cluster353,COVAR,16231,14.472,0.025027,6.675,0.015086,False,202,353.0,Splat_353,Splatter,NEUR,"Thalamus: 97.2%, Midbrain: 2.2%, Hypothalamus: 0.5%"
Cluster392,COVAR,16231,17.99,0.026375,8.3101,0.015211,False,203,392.0,Splat_392,Splatter,NEUR,"Amygdala: 39.6%, Basal forebrain: 32.7%, Hypothalamus: 21.2%"
Cluster414,COVAR,16231,10.39,0.024945,4.8015,0.015242,False,204,414.0,Splat_414,Splatter,NEUR,"Hypothalamus: 90.6%, Midbrain: 8.5%, Thalamus: 0.8%"
Cluster343,COVAR,16231,9.5173,0.027397,4.4333,0.015916,False,205,343.0,Splat_343,Splatter,NEUR,"Medulla: 57.2%, Spinal cord: 34.1%, Pons: 5.9%"
Cluster153,COVAR,16231,13.366,0.024238,6.2966,0.016897,False,206,153.0,Amex_153,Amygdala excitatory,NEUR,"Amygdala: 93.4%, Hippocampus: 5.3%, Cerebral cortex: 1.3%"
Cluster125,COVAR,16231,18.095,0.025086,8.5898,0.017588,False,207,125.0,ULIT_125,Upper-layer intratelencephalic,NEUR,"Cerebral cortex: 98.3%, Basal forebrain: 0.9%, Amygdala: 0.4%"
Cluster201,COVAR,16231,16.176,0.024685,7.7206,0.018086,False,208,201.0,DG_201,Hippocampal dentate gyrus,NEUR,"Hippocampus: 99.9%, Midbrain: 0.1%, Thalamus: 0.0%"
Cluster433,COVAR,16231,11.767,0.023796,5.6441,0.018554,False,209,433.0,Midi_433,Midbrain-derived inhibitory,NEUR,"Midbrain: 89.4%, Thalamus: 8.3%, Hypothalamus: 1.3%"
Cluster143,COVAR,16231,16.341,0.025005,7.843,0.018611,False,210,143.0,DLIT_143,Deep-layer intratelencephalic,NEUR,"Cerebral cortex: 89.0%, Basal forebrain: 4.2%, Amygdala: 4.2%"
Cluster222,COVAR,16231,13.327,0.024272,6.4774,0.019832,False,211,222.0,EMSN_222,Eccentric medium spiny neuron,NEUR,"Basal forebrain: 93.9%, Thalamus: 1.9%, Cerebral cortex: 1.8%"
Cluster268,COVAR,16231,16.652,0.024695,8.1361,0.020357,False,212,268.0,LLC_268,LAMP5-LHX6 and Chandelier,NEUR,"Hippocampus: 95.5%, Cerebral cortex: 2.4%, Amygdala: 1.1%"
Cluster437,COVAR,16231,13.826,0.023531,6.7802,0.020728,False,213,437.0,Midi_437,Midbrain-derived inhibitory,NEUR,"Thalamus: 85.5%, Midbrain: 13.8%, Pons: 0.5%"
Cluster398,COVAR,16231,9.5311,0.022636,4.6779,0.020813,False,214,398.0,Splat_398,Splatter,NEUR,"Medulla: 86.6%, Pons: 12.8%, Midbrain: 0.2%"
Cluster98,COVAR,16231,13.723,0.023795,6.7604,0.021195,False,215,98.0,DLCT6b_98,Deep-layer corticothalamic and 6b,NEUR,"Cerebral cortex: 75.6%, Basal forebrain: 10.3%, Amygdala: 7.8%"
Cluster158,COVAR,16231,16.218,0.023077,8.1011,0.022654,False,216,158.0,Amex_158,Amygdala excitatory,NEUR,"Amygdala: 68.1%, Cerebral cortex: 25.8%, Hippocampus: 6.0%"
Cluster418,COVAR,16231,11.026,0.022453,5.5784,0.024054,False,217,418.0,Splat_418,Splatter,NEUR,"Hypothalamus: 99.3%, Midbrain: 0.5%, Thalamus: 0.1%"
Cluster247,COVAR,16231,15.111,0.023444,7.6823,0.024608,False,218,247.0,MGE_247,MGE interneuron,NEUR,"Hippocampus: 91.0%, Amygdala: 4.8%, Cerebral cortex: 3.4%"
Cluster216,COVAR,16231,15.721,0.023219,8.0813,0.025878,False,219,216.0,MSN_216,Medium spiny neuron,NEUR,"Basal forebrain: 40.9%, Amygdala: 26.3%, Hypothalamus: 18.3%"
Cluster86,COVAR,16231,13.754,0.022772,7.1403,0.027049,False,220,86.0,DLNP_86,Deep-layer near-projecting,NEUR,"Cerebral cortex: 97.0%, Basal forebrain: 1.8%, Hippocampus: 1.1%"
Cluster42,COVAR,16231,8.8865,0.021982,4.6319,0.027534,False,221,42.0,COP_42,Committed oligodendrocyte precursor,OLIGO,"Thalamus: 92.7%, Midbrain: 2.3%, Pons: 1.5%"
Cluster168,COVAR,16231,11.962,0.022523,6.2783,0.028384,False,222,168.0,Misc_168,Miscellaneous,NEUR,"Cerebral cortex: 92.4%, Hippocampus: 7.6%, Amygdala: 0.0%"
Cluster348,COVAR,16231,8.4242,0.022985,4.4504,0.029198,False,223,348.0,Splat_348,Splatter,NEUR,"Medulla: 65.6%, Spinal cord: 26.9%, Pons: 6.0%"
Cluster384,COVAR,16231,15.142,0.022412,8.0327,0.029722,False,224,384.0,Splat_384,Splatter,NEUR,"Hypothalamus: 43.2%, Midbrain: 39.3%, Pons: 9.4%"
Cluster188,COVAR,16231,14.086,0.022489,7.4979,0.030159,False,225,188.0,CA13_188,Hippocampal CA1-3,NEUR,"Hippocampus: 98.4%, Cerebral cortex: 1.2%, Amygdala: 0.3%"
Cluster83,COVAR,16231,11.007,0.021919,5.8987,0.031031,False,226,83.0,DLNP_83,Deep-layer near-projecting,NEUR,"Cerebral cortex: 92.0%, Basal forebrain: 3.2%, Hypothalamus: 1.9%"
Cluster35,COVAR,16231,8.9987,0.022136,4.8732,0.032416,False,227,35.0,OPC_35,Oligodendrocyte precursor,OPC,"Cerebral cortex: 62.3%, Hippocampus: 21.4%, Basal forebrain: 6.5%"
Cluster362,COVAR,16231,14.294,0.022062,7.793,0.033324,False,228,362.0,Splat_362,Splatter,NEUR,"Pons: 39.4%, Cerebellum: 34.7%, Midbrain: 21.7%"
Cluster159,COVAR,16231,13.991,0.021082,7.7989,0.036418,False,229,159.0,Amex_159,Amygdala excitatory,NEUR,"Amygdala: 80.8%, Cerebral cortex: 17.6%, Hippocampus: 1.3%"
Cluster258,COVAR,16231,14.537,0.021578,8.1352,0.036988,False,230,258.0,MGE_258,MGE interneuron,NEUR,"Cerebral cortex: 80.1%, Hippocampus: 6.7%, Amygdala: 6.3%"
Cluster365,COVAR,16231,14.962,0.020206,8.6783,0.042358,False,231,365.0,Splat_365,Splatter,NEUR,"Pons: 43.0%, Midbrain: 30.2%, Medulla: 17.1%"
Cluster434,COVAR,16231,11.855,0.020531,6.9122,0.043176,False,232,434.0,Midi_434,Midbrain-derived inhibitory,NEUR,"Thalamus: 89.3%, Midbrain: 8.9%, Pons: 1.3%"
Cluster397,COVAR,16231,9.0653,0.019951,5.287,0.043218,False,233,397.0,Splat_397,Splatter,NEUR,"Pons: 80.1%, Medulla: 8.1%, Midbrain: 7.6%"
Cluster300,COVAR,16231,8.9368,0.020656,5.2402,0.044069,False,234,300.0,CBI_300,Cerebellar inhibitory,NEUR,"Cerebellum: 61.4%, Pons: 32.9%, Midbrain: 3.2%"
Cluster221,COVAR,16231,10.851,0.019938,6.3661,0.044158,False,235,221.0,MSN_221,Medium spiny neuron,NEUR,"Basal forebrain: 78.8%, Amygdala: 9.0%, Cerebral cortex: 6.5%"
Cluster435,COVAR,16231,8.4565,0.018977,4.989,0.045049,False,236,435.0,Midi_435,Midbrain-derived inhibitory,NEUR,"Midbrain: 54.9%, Thalamus: 43.2%, Pons: 0.8%"
Cluster100,COVAR,16231,10.029,0.020769,5.9392,0.045665,False,237,100.0,DLCT6b_100,Deep-layer corticothalamic and 6b,NEUR,"Cerebral cortex: 63.0%, Amygdala: 27.0%, Basal forebrain: 5.9%"
Cluster445,COVAR,16231,7.1975,0.019755,4.3414,0.048683,False,238,445.0,Thex_445,Thalamic excitatory,,"Thalamus: 99.3%, Hippocampus: 0.7%, Cerebral cortex: 0.0%"
Cluster313,COVAR,16231,4.8325,0.018972,2.9159,0.048742,False,239,313.0,Splat_313,Splatter,NEUR,"Hippocampus: 41.6%, Cerebral cortex: 36.5%, Amygdala: 7.6%"
Cluster118,COVAR,16231,9.2374,0.018265,5.5814,0.048973,False,240,118.0,L5ET_118,Miscellaneous,NEUR,"Hippocampus: 60.6%, Cerebral cortex: 26.6%, Midbrain: 11.9%"
Cluster447,COVAR,16231,9.8362,0.019374,5.987,0.050212,False,241,447.0,Thex_447,Thalamic excitatory,,"Thalamus: 100.0%, Cerebral cortex: 0.0%, Amygdala: 0.0%"
Cluster193,COVAR,16231,10.584,0.019233,6.5,0.051736,False,242,193.0,CA4_193,Hippocampal CA4,NEUR,"Hippocampus: 98.3%, Amygdala: 0.9%, Cerebral cortex: 0.5%"
Cluster34,COVAR,16231,7.9403,0.019482,4.9181,0.05322,False,243,34.0,OPC_34,Oligodendrocyte precursor,OPC,"Hippocampus: 33.6%, Cerebral cortex: 30.9%, Amygdala: 16.5%"
Cluster303,COVAR,16231,5.8528,0.01792,3.6295,0.053432,False,244,303.0,CBI_303,Cerebellar inhibitory,,"Cerebellum: 96.8%, Pons: 1.5%, Medulla: 1.0%"
Cluster41,COVAR,16231,7.3946,0.018379,4.623,0.054864,False,245,41.0,COP_41,Committed oligodendrocyte precursor,OLIGO,"Amygdala: 24.7%, Hypothalamus: 23.3%, Basal forebrain: 20.2%"
Cluster164,COVAR,16231,9.4398,0.017943,5.9098,0.055111,False,246,164.0,Misc_164,Miscellaneous,NEUR,"Cerebral cortex: 66.8%, Amygdala: 18.2%, Hippocampus: 15.0%"
Cluster152,COVAR,16231,8.2171,0.01959,5.167,0.055897,False,247,152.0,DLIT_152,Deep-layer intratelencephalic,NEUR,"Basal forebrain: 76.2%, Amygdala: 19.9%, Cerebral cortex: 3.8%"
Cluster333,COVAR,16231,9.1018,0.018828,5.7878,0.057922,False,248,333.0,Mmb_333,Mammillary body,NEUR,"Hypothalamus: 97.7%, Cerebral cortex: 1.0%, Thalamus: 0.8%"
Cluster124,COVAR,16231,11.773,0.018934,7.5624,0.059766,False,249,124.0,ULIT_124,Upper-layer intratelencephalic,NEUR,"Cerebral cortex: 98.9%, Basal forebrain: 0.5%, Hippocampus: 0.2%"
Cluster33,COVAR,16231,7.2935,0.018696,4.768,0.063062,False,250,33.0,OPC_33,Oligodendrocyte precursor,OPC,"Pons: 23.8%, Midbrain: 22.9%, Thalamus: 19.2%"
Cluster110,COVAR,16231,9.6395,0.016865,6.3127,0.063391,False,251,110.0,DLCT6b_110,Deep-layer corticothalamic and 6b,NEUR,"Cerebral cortex: 84.7%, Basal forebrain: 6.3%, Amygdala: 5.0%"
Cluster400,COVAR,16231,6.089,0.018649,4.0484,0.066299,False,252,400.0,Splat_400,Splatter,NEUR,"Basal forebrain: 54.0%, Amygdala: 22.9%, Hypothalamus: 14.7%"
Cluster189,COVAR,16231,7.9024,0.016959,5.3505,0.069857,False,253,189.0,CA13_189,Hippocampal CA1-3,NEUR,"Hippocampus: 73.4%, Amygdala: 24.4%, Hypothalamus: 0.9%"
Cluster173,COVAR,16231,7.8244,0.016273,5.3004,0.069958,False,254,173.0,Amex_173,Amygdala excitatory,NEUR,"Hippocampus: 55.8%, Amygdala: 36.5%, Cerebral cortex: 7.7%"
Cluster354,COVAR,16231,12.767,0.01714,8.6754,0.070576,False,255,354.0,Splat_354,Splatter,NEUR,"Midbrain: 86.4%, Thalamus: 9.6%, Pons: 2.2%"
Cluster257,COVAR,16231,13.224,0.017553,9.004,0.070972,False,256,257.0,MGE_257,MGE interneuron,NEUR,"Cerebral cortex: 73.5%, Hippocampus: 19.7%, Amygdala: 3.5%"
Cluster380,COVAR,16231,10.451,0.017746,7.1215,0.071121,False,257,380.0,Splat_380,Splatter,NEUR,"Pons: 62.5%, Medulla: 34.7%, Spinal cord: 1.1%"
Cluster95,COVAR,16231,9.09,0.017326,6.2313,0.072328,False,258,95.0,DLNP_95,Deep-layer near-projecting,NEUR,"Cerebral cortex: 89.0%, Basal forebrain: 7.0%, Hypothalamus: 3.3%"
Cluster88,COVAR,16231,10.602,0.0171,7.2999,0.073209,False,259,88.0,DLNP_88,Deep-layer near-projecting,NEUR,"Cerebral cortex: 92.2%, Basal forebrain: 4.8%, Amygdala: 1.9%"
Cluster373,COVAR,16231,10.829,0.017242,7.6265,0.077836,False,260,373.0,Splat_373,Splatter,NEUR,"Midbrain: 61.4%, Thalamus: 36.6%, Amygdala: 0.7%"
Cluster308,COVAR,16231,6.603,0.01689,4.687,0.07946,False,261,308.0,URL_308,Upper rhombic lip,,"Cerebellum: 84.5%, Pons: 10.2%, Medulla: 3.6%"
Cluster37,COVAR,16231,5.3742,0.017041,3.8315,0.080372,False,262,37.0,COP_37,Committed oligodendrocyte precursor,OLIGO,"Cerebral cortex: 35.6%, Hippocampus: 19.5%, Amygdala: 8.2%"
Cluster366,COVAR,16231,9.8273,0.016975,7.0737,0.082386,False,263,366.0,Splat_366,Splatter,NEUR,"Midbrain: 57.4%, Pons: 19.9%, Thalamus: 15.2%"
Cluster56,COVAR,16231,6.0088,0.016038,4.4135,0.086693,False,264,56.0,Astro_56,Astrocyte,ASTRO,"Hypothalamus: 30.0%, Thalamus: 21.5%, Amygdala: 14.3%"
Cluster323,COVAR,16231,8.264,0.015704,6.2568,0.093294,False,265,323.0,Mmb_323,Mammillary body,NEUR,"Hypothalamus: 99.7%, Thalamus: 0.2%, Midbrain: 0.2%"
Cluster115,COVAR,16231,6.9689,0.015366,5.335,0.095743,False,266,115.0,L5ET_115,Hippocampal CA1-3,NEUR,"Cerebral cortex: 100.0%, Amygdala: 0.0%, Hippocampus: 0.0%"
Cluster185,COVAR,16231,8.7313,0.015318,6.7842,0.099061,False,267,185.0,CA13_185,Hippocampal CA1-3,NEUR,"Hippocampus: 100.0%, Cerebral cortex: 0.0%, Amygdala: 0.0%"
Cluster203,COVAR,16231,9.0452,0.014878,7.0545,0.099903,False,268,203.0,DG_203,Hippocampal dentate gyrus,NEUR,"Hippocampus: 98.3%, Midbrain: 1.4%, Cerebral cortex: 0.2%"
Cluster236,COVAR,16231,10.359,0.015516,8.2158,0.10368,False,269,236.0,MGE_236,MGE interneuron,NEUR,"Hippocampus: 61.2%, Cerebral cortex: 21.0%, Amygdala: 16.5%"
Cluster299,COVAR,16231,7.4632,0.014651,5.9386,0.10444,False,270,299.0,CBI_299,Cerebellar inhibitory,NEUR,"Cerebellum: 71.1%, Pons: 20.4%, Midbrain: 4.5%"
Cluster341,COVAR,16231,6.5677,0.014238,5.286,0.10704,False,271,341.0,Splat_341,Splatter,NEUR,"Pons: 98.8%, Medulla: 1.2%, Cerebral cortex: 0.0%"
Cluster99,COVAR,16231,8.0476,0.014596,6.5163,0.10843,False,272,99.0,DLCT6b_99,Deep-layer corticothalamic and 6b,NEUR,"Cerebral cortex: 80.0%, Basal forebrain: 11.2%, Hippocampus: 6.5%"
Cluster442,COVAR,16231,8.6836,0.014687,7.1504,0.1123,False,273,442.0,Midi_442,Midbrain-derived inhibitory,NEUR,"Thalamus: 99.1%, Midbrain: 0.8%, Pons: 0.1%"
Cluster107,COVAR,16231,6.8126,0.01372,5.6337,0.11329,False,274,107.0,DLCT6b_107,Deep-layer corticothalamic and 6b,NEUR,"Cerebral cortex: 100.0%, Amygdala: 0.0%, Hippocampus: 0.0%"
Cluster187,COVAR,16231,8.699,0.013753,7.4207,0.12056,False,275,187.0,CA13_187,Hippocampal CA1-3,NEUR,"Hippocampus: 92.4%, Amygdala: 6.4%, Cerebral cortex: 1.1%"
Cluster246,COVAR,16231,7.7587,0.013777,6.783,0.12636,False,276,246.0,MGE_246,MGE interneuron,NEUR,"Hippocampus: 72.3%, Cerebral cortex: 16.5%, Amygdala: 8.9%"
Cluster145,COVAR,16231,7.988,0.013303,7.0752,0.12946,False,277,145.0,DLIT_145,Deep-layer intratelencephalic,NEUR,"Cerebral cortex: 65.1%, Hippocampus: 19.6%, Amygdala: 15.0%"
Cluster301,COVAR,16231,5.4392,0.012488,4.9023,0.13361,False,278,301.0,CBI_301,Cerebellar inhibitory,NEUR,"Pons: 92.6%, Medulla: 6.6%, Cerebral cortex: 0.7%"
Cluster218,COVAR,16231,8.0796,0.01269,7.4957,0.14055,False,279,218.0,MSN_218,Medium spiny neuron,NEUR,"Basal forebrain: 50.9%, Amygdala: 22.3%, Hypothalamus: 18.5%"
Cluster210,COVAR,16231,5.8283,0.011896,5.6598,0.15157,False,280,210.0,MSN_210,Medium spiny neuron,NEUR,"Basal forebrain: 97.9%, Thalamus: 1.9%, Hippocampus: 0.2%"
Cluster298,COVAR,16231,5.7337,0.011897,5.7558,0.1596,False,281,298.0,CBI_298,Cerebellar inhibitory,NEUR,"Pons: 82.7%, Cerebellum: 11.0%, Medulla: 4.1%"
Cluster101,COVAR,16231,4.9538,0.011567,5.0121,0.1615,False,282,101.0,DLCT6b_101,Deep-layer corticothalamic and 6b,NEUR,"Cerebral cortex: 65.6%, Hippocampus: 29.5%, Amygdala: 4.8%"
Cluster87,COVAR,16231,6.298,0.011813,6.428,0.16361,False,283,87.0,DLNP_87,Deep-layer near-projecting,NEUR,"Cerebral cortex: 83.9%, Basal forebrain: 12.2%, Hypothalamus: 2.8%"
Cluster457,COVAR,16231,6.3658,0.011299,6.6197,0.16813,False,284,457.0,Thex_457,Thalamic excitatory,NEUR,"Thalamus: 98.3%, Amygdala: 1.4%, Cerebral cortex: 0.3%"
Cluster340,COVAR,16231,5.0867,0.011086,5.3261,0.16979,False,285,340.0,Splat_340,Splatter,NEUR,"Pons: 88.3%, Midbrain: 9.5%, Thalamus: 1.6%"
Cluster351,COVAR,16231,6.09,0.010874,6.465,0.17311,False,286,351.0,Splat_351,Splatter,NEUR,"Midbrain: 90.0%, Thalamus: 8.2%, Hypothalamus: 1.3%"
Cluster214,COVAR,16231,6.9307,0.011039,7.3648,0.17335,False,287,214.0,MSN_214,Medium spiny neuron,NEUR,"Basal forebrain: 61.9%, Amygdala: 15.7%, Cerebral cortex: 13.3%"
Cluster446,COVAR,16231,5.3295,0.011014,5.6863,0.17432,False,288,446.0,Thex_446,Thalamic excitatory,,"Thalamus: 99.9%, Hippocampus: 0.0%, Midbrain: 0.0%"
Cluster339,COVAR,16231,6.3075,0.010838,6.7945,0.17663,False,289,339.0,Splat_339,Splatter,NEUR,"Pons: 99.4%, Medulla: 0.4%, Midbrain: 0.2%"
Cluster256,COVAR,16231,7.2961,0.010911,7.8641,0.17677,False,290,256.0,MGE_256,MGE interneuron,NEUR,"Cerebral cortex: 68.6%, Hippocampus: 21.8%, Basal forebrain: 5.0%"
Cluster327,COVAR,16231,6.5583,0.011158,7.2533,0.18296,False,291,327.0,Mmb_327,Mammillary body,NEUR,"Hypothalamus: 99.9%, Midbrain: 0.1%, Cerebral cortex: 0.0%"
Cluster345,COVAR,16231,3.8995,0.010805,4.3796,0.18665,False,292,345.0,Splat_345,Splatter,NEUR,"Medulla: 52.3%, Spinal cord: 35.4%, Midbrain: 6.8%"
Cluster180,COVAR,16231,4.7865,0.010812,5.3815,0.18689,False,293,180.0,CA13_180,Hippocampal CA1-3,NEUR,"Hippocampus: 99.6%, Cerebral cortex: 0.4%, Amygdala: 0.0%"
Cluster40,COVAR,16231,3.2342,0.0099393,3.774,0.19574,False,294,40.0,Oligo_40,Oligodendrocyte,OLIGO,"Hippocampus: 24.8%, Cerebral cortex: 23.4%, Amygdala: 10.0%"
Cluster443,COVAR,16231,5.3171,0.0098701,6.4575,0.20515,False,295,443.0,Midi_443,Midbrain-derived inhibitory,NEUR,"Thalamus: 98.3%, Midbrain: 1.6%, Pons: 0.1%"
Cluster161,COVAR,16231,4.6833,0.0095584,5.6889,0.20519,False,296,161.0,Amex_161,Amygdala excitatory,NEUR,"Amygdala: 66.2%, Cerebral cortex: 31.6%, Hippocampus: 1.3%"
Cluster207,COVAR,16231,5.3367,0.0094875,6.6268,0.21032,False,297,207.0,MSN_207,Medium spiny neuron,NEUR,"Basal forebrain: 92.9%, Thalamus: 4.1%, Amygdala: 1.9%"
Cluster114,COVAR,16231,4.6538,0.0098144,5.8063,0.21143,False,298,114.0,L5ET_114,Miscellaneous,NEUR,"Cerebral cortex: 98.4%, Hippocampus: 1.2%, Basal forebrain: 0.3%"
Cluster57,COVAR,16231,3.0919,0.0095443,3.8888,0.21329,False,299,57.0,Astro_57,Astrocyte,ASTRO,"Hippocampus: 66.8%, Basal forebrain: 25.3%, Cerebral cortex: 4.0%"
Cluster117,COVAR,16231,5.0842,0.0091479,6.516,0.21762,False,300,117.0,L5ET_117,Miscellaneous,NEUR,"Cerebral cortex: 82.3%, Basal forebrain: 7.9%, Hypothalamus: 7.7%"
Cluster200,COVAR,16231,4.0517,0.0082771,5.5415,0.23235,False,301,200.0,DG_200,Hippocampal dentate gyrus,NEUR,"Hippocampus: 99.4%, Thalamus: 0.5%, Midbrain: 0.1%"
Cluster208,COVAR,16231,4.8568,0.008472,6.7279,0.23519,False,302,208.0,MSN_208,Medium spiny neuron,NEUR,"Basal forebrain: 89.6%, Amygdala: 5.6%, Cerebral cortex: 3.5%"
Cluster212,COVAR,16231,4.6481,0.0085167,6.5254,0.23815,False,303,212.0,MSN_212,Medium spiny neuron,NEUR,"Basal forebrain: 90.4%, Cerebral cortex: 3.6%, Amygdala: 3.6%"
Cluster160,COVAR,16231,4.0309,0.0083354,5.6764,0.23882,False,304,160.0,Amex_160,Amygdala excitatory,NEUR,"Amygdala: 90.3%, Cerebral cortex: 8.9%, Hippocampus: 0.8%"
Cluster105,COVAR,16231,4.6788,0.0083397,6.6112,0.23957,False,305,105.0,DLCT6b_105,Deep-layer corticothalamic and 6b,NEUR,"Cerebral cortex: 80.5%, Basal forebrain: 8.4%, Hippocampus: 7.2%"
Cluster330,COVAR,16231,4.5937,0.0084664,6.7069,0.2467,False,306,330.0,Mmb_330,Mammillary body,NEUR,"Hypothalamus: 100.0%, Cerebral cortex: 0.0%, Amygdala: 0.0%"
Cluster89,COVAR,16231,4.7262,0.007969,6.9703,0.24887,False,307,89.0,DLNP_89,Deep-layer near-projecting,NEUR,"Cerebral cortex: 98.1%, Basal forebrain: 1.6%, Amygdala: 0.1%"
Cluster59,COVAR,16231,1.8389,0.0076604,2.8939,0.26258,False,308,59.0,Astro_59,Astrocyte,ASTRO,"Pons: 36.2%, Cerebellum: 36.1%, Medulla: 10.9%"
Cluster47,COVAR,16231,2.0683,0.0067159,3.5397,0.27951,False,309,47.0,Oligo_47,Oligodendrocyte,OLIGO,"Thalamus: 24.9%, Cerebral cortex: 20.9%, Hippocampus: 13.8%"
Cluster235,COVAR,16231,2.6434,0.0064688,4.6231,0.28374,False,310,235.0,Splat_235,Splatter,NEUR,"Cerebral cortex: 31.8%, Amygdala: 28.5%, Basal forebrain: 25.2%"
Cluster127,COVAR,16231,3.3318,0.0067213,6.0785,0.29181,False,311,127.0,ULIT_127,Upper-layer intratelencephalic,NEUR,"Cerebral cortex: 90.2%, Basal forebrain: 4.2%, Amygdala: 3.4%"
Cluster209,COVAR,16231,2.4037,0.005824,4.5604,0.29908,False,312,209.0,MSN_209,Medium spiny neuron,NEUR,"Basal forebrain: 96.3%, Thalamus: 2.9%, Amygdala: 0.6%"
Cluster211,COVAR,16231,2.4115,0.0057179,4.6476,0.30193,False,313,211.0,MSN_211,Medium spiny neuron,NEUR,"Basal forebrain: 85.7%, Amygdala: 6.3%, Cerebral cortex: 4.2%"
Cluster181,COVAR,16231,3.1836,0.0059331,6.3515,0.30811,False,314,181.0,CA13_181,Hippocampal CA1-3,NEUR,"Hippocampus: 100.0%, Cerebral cortex: 0.0%, Amygdala: 0.0%"
Cluster169,COVAR,16231,3.749,0.0057753,7.5297,0.30929,False,315,169.0,CA13_169,Hippocampal CA1-3,NEUR,"Hippocampus: 98.4%, Cerebral cortex: 1.1%, Amygdala: 0.2%"
Cluster191,COVAR,16231,2.8531,0.0057674,5.8114,0.31174,False,316,191.0,CA4_191,Hippocampal CA4,NEUR,"Hippocampus: 98.1%, Cerebral cortex: 1.6%, Midbrain: 0.2%"
Cluster361,COVAR,16231,3.2741,0.005737,6.6941,0.31239,False,317,361.0,Splat_361,Splatter,NEUR,"Midbrain: 83.4%, Thalamus: 14.3%, Pons: 1.8%"
Cluster43,COVAR,16231,1.7554,0.0052694,3.7175,0.3184,False,318,43.0,COP_43,Committed oligodendrocyte precursor,OLIGO,"Thalamus: 36.2%, Hypothalamus: 18.0%, Amygdala: 10.3%"
Cluster52,COVAR,16231,1.6352,0.0056041,3.4945,0.31992,False,319,52.0,Astro_52,Astrocyte,ASTRO,"Cerebral cortex: 90.3%, Hypothalamus: 3.9%, Hippocampus: 2.2%"
Cluster335,COVAR,16231,1.8824,0.0052087,4.3568,0.33285,False,320,335.0,Splat_335,Splatter,NEUR,"Medulla: 78.3%, Pons: 15.9%, Midbrain: 4.8%"
Cluster157,COVAR,16231,2.5259,0.0046982,5.8726,0.33356,False,321,157.0,Amex_157,Amygdala excitatory,NEUR,"Amygdala: 65.8%, Cerebral cortex: 28.7%, Hippocampus: 5.5%"
Cluster121,COVAR,16231,3.1264,0.0049142,7.3963,0.33626,False,322,121.0,ULIT_121,Upper-layer intratelencephalic,NEUR,"Cerebral cortex: 91.7%, Amygdala: 3.9%, Basal forebrain: 2.7%"
Cluster60,COVAR,16231,1.341,0.0049447,3.2843,0.34153,False,323,60.0,Astro_60,Astrocyte,ASTRO,"Thalamus: 37.1%, Midbrain: 31.3%, Pons: 16.8%"
Cluster116,COVAR,16231,2.5727,0.0047503,6.4164,0.34423,False,324,116.0,Misc_116,Miscellaneous,NEUR,"Cerebral cortex: 93.4%, Amygdala: 3.3%, Basal forebrain: 2.6%"
Cluster51,COVAR,16231,1.0283,0.0046508,2.7396,0.3537,False,325,51.0,Bgl_51,Bergmann glia,ASTRO,"Cerebellum: 95.8%, Pons: 1.9%, Medulla: 1.9%"
Cluster112,COVAR,16231,2.9609,0.0044598,7.9825,0.35535,False,326,112.0,DLCT6b_112,Deep-layer corticothalamic and 6b,NEUR,"Cerebral cortex: 65.2%, Hippocampus: 33.8%, Amygdala: 0.6%"
Cluster102,COVAR,16231,2.3903,0.0041346,6.5734,0.35807,False,327,102.0,DLCT6b_102,Deep-layer corticothalamic and 6b,NEUR,"Amygdala: 66.6%, Cerebral cortex: 28.9%, Hippocampus: 4.2%"
Cluster45,COVAR,16231,1.1801,0.0039824,3.3949,0.36406,False,328,45.0,Oligo_45,Oligodendrocyte,OLIGO,"Cerebral cortex: 20.0%, Basal forebrain: 18.5%, Midbrain: 15.8%"
Cluster96,COVAR,16231,1.8444,0.0040335,5.5276,0.36932,False,329,96.0,DLNP_96,Deep-layer near-projecting,NEUR,"Cerebral cortex: 85.1%, Amygdala: 7.0%, Basal forebrain: 5.7%"
Cluster213,COVAR,16231,2.3123,0.0038662,7.0176,0.37089,False,330,213.0,MSN_213,Medium spiny neuron,NEUR,"Basal forebrain: 75.5%, Cerebral cortex: 12.2%, Amygdala: 9.4%"
Cluster62,COVAR,16231,1.0142,0.0039171,3.1168,0.37245,False,331,62.0,Astro_62,Astrocyte,ASTRO,"Basal forebrain: 40.2%, Cerebellum: 19.3%, Midbrain: 16.2%"
Cluster176,COVAR,16231,1.7892,0.0036547,5.5361,0.37328,False,332,176.0,Misc_176,Miscellaneous,NEUR,"Hippocampus: 98.8%, Cerebral cortex: 1.0%, Thalamus: 0.2%"
Cluster195,COVAR,16231,1.6374,0.00328,6.1409,0.39487,False,333,195.0,CA4_195,Hippocampal CA4,NEUR,"Hippocampus: 99.4%, Thalamus: 0.5%, Cerebral cortex: 0.1%"
Cluster104,COVAR,16231,1.4053,0.0030533,5.3879,0.39712,False,334,104.0,DLCT6b_104,Deep-layer corticothalamic and 6b,NEUR,"Cerebral cortex: 47.1%, Hippocampus: 34.6%, Amygdala: 18.1%"
Cluster166,COVAR,16231,1.6443,0.0030677,6.3259,0.39746,False,335,166.0,Misc_166,Miscellaneous,NEUR,"Cerebral cortex: 79.4%, Hippocampus: 16.1%, Amygdala: 3.1%"
Cluster455,COVAR,16231,1.5034,0.0029851,5.7937,0.39763,False,336,455.0,Thex_455,Thalamic excitatory,NEUR,"Thalamus: 97.9%, Midbrain: 2.1%, Cerebral cortex: 0.0%"
Cluster54,COVAR,16231,0.99959,0.003033,3.9367,0.39978,False,337,54.0,Astro_54,Astrocyte,ASTRO,"Cerebral cortex: 38.8%, Hippocampus: 33.1%, Amygdala: 22.1%"
Cluster394,COVAR,16231,1.5589,0.0027879,6.474,0.40486,False,338,394.0,Splat_394,Splatter,NEUR,"Pons: 92.2%, Midbrain: 6.7%, Medulla: 0.5%"
Cluster46,COVAR,16231,0.78558,0.0026472,3.3778,0.40805,False,339,46.0,Oligo_46,Oligodendrocyte,OLIGO,"Thalamus: 22.7%, Midbrain: 19.9%, Cerebral cortex: 13.7%"
Cluster194,COVAR,16231,1.2445,0.0026893,5.4154,0.40912,False,340,194.0,CA4_194,Hippocampal CA4,NEUR,"Hippocampus: 99.8%, Cerebral cortex: 0.2%, Amygdala: 0.0%"
Cluster36,COVAR,16231,0.72224,0.0018377,4.5945,0.43755,False,341,36.0,OPC_36,Oligodendrocyte precursor,OPC,"Cerebral cortex: 33.7%, Thalamus: 12.5%, Midbrain: 11.5%"
Cluster431,COVAR,16231,0.64823,0.0017718,4.1704,0.43824,False,342,431.0,Splat_431,Splatter,NEUR,"Hypothalamus: 99.7%, Midbrain: 0.2%, Cerebral cortex: 0.0%"
Cluster113,COVAR,16231,0.70646,0.0017771,4.6651,0.43982,False,343,113.0,L5ET_113,Miscellaneous,NEUR,"Cerebral cortex: 100.0%, Amygdala: 0.0%, Hippocampus: 0.0%"
Cluster197,COVAR,16231,0.99657,0.0018094,6.6402,0.44035,False,344,197.0,CA4_197,Hippocampal CA4,NEUR,"Hippocampus: 99.7%, Midbrain: 0.3%, Cerebral cortex: 0.0%"
Cluster326,COVAR,16231,0.78453,0.001501,6.3979,0.4512,False,345,326.0,Mmb_326,Mammillary body,NEUR,"Hypothalamus: 100.0%, Cerebral cortex: 0.0%, Amygdala: 0.0%"
Cluster412,COVAR,16231,0.57975,0.0014892,4.8557,0.45248,False,346,412.0,Splat_412,Splatter,NEUR,"Hypothalamus: 97.4%, Midbrain: 2.2%, Thalamus: 0.3%"
Cluster183,COVAR,16231,0.76614,0.0013786,6.4357,0.45262,False,347,183.0,CA13_183,Hippocampal CA1-3,NEUR,"Hippocampus: 99.9%, Amygdala: 0.0%, Cerebral cortex: 0.0%"
Cluster190,COVAR,16231,0.50448,0.001056,5.506,0.4635,False,348,190.0,CA4_190,Hippocampal CA4,NEUR,"Hippocampus: 100.0%, Cerebral cortex: 0.0%, Amygdala: 0.0%"
Cluster324,COVAR,16231,0.32299,0.00061918,6.4646,0.48008,False,349,324.0,Mmb_324,Mammillary body,NEUR,"Hypothalamus: 100.0%, Cerebral cortex: 0.0%, Amygdala: 0.0%"
Cluster165,COVAR,16231,0.25207,0.0004793,6.2628,0.48395,False,350,165.0,Misc_165,Miscellaneous,NEUR,"Cerebral cortex: 92.1%, Hippocampus: 5.0%, Amygdala: 2.8%"
Cluster302,COVAR,16231,0.1269,0.00039618,3.8238,0.48676,False,351,302.0,CBI_302,Cerebellar inhibitory,NEUR,"Cerebellum: 60.1%, Medulla: 19.0%, Pons: 15.3%"
Cluster174,COVAR,16231,0.019456,3.3089e-05,6.882,0.49887,False,352,174.0,Amex_174,Amygdala excitatory,NEUR,"Cerebral cortex: 84.3%, Amygdala: 10.2%, Hippocampus: 5.2%"
Cluster409,COVAR,16231,-0.15078,-0.0004151,3.9782,0.51512,False,353,409.0,Splat_409,Splatter,NEUR,"Basal forebrain: 66.5%, Amygdala: 14.2%, Thalamus: 9.9%"
Cluster459,COVAR,16231,-0.32463,-0.0005813,6.8751,0.51883,False,354,459.0,Thex_459,Thalamic excitatory,NEUR,"Thalamus: 89.9%, Amygdala: 9.2%, Midbrain: 0.6%"
Cluster44,COVAR,16231,-0.21693,-0.00073055,3.4009,0.52543,False,355,44.0,Oligo_44,Oligodendrocyte,OLIGO,"Thalamus: 20.9%, Pons: 19.2%, Midbrain: 19.1%"
Cluster39,COVAR,16231,-0.16036,-0.00073208,2.4584,0.526,False,356,39.0,COP_39,Committed oligodendrocyte precursor,OLIGO,"Cerebral cortex: 28.1%, Hippocampus: 19.7%, Amygdala: 14.6%"
Cluster84,COVAR,16231,-0.74723,-0.0012269,7.3443,0.54052,False,357,84.0,DLCT6b_84,Deep-layer corticothalamic and 6b,NEUR,"Hippocampus: 98.5%, Amygdala: 0.8%, Cerebral cortex: 0.7%"
Cluster55,COVAR,16231,-0.38058,-0.0012717,3.5643,0.54252,False,358,55.0,Astro_55,Astrocyte,ASTRO,"Basal forebrain: 82.4%, Thalamus: 7.0%, Hypothalamus: 5.0%"
Cluster402,COVAR,16231,-0.64145,-0.0012713,5.8179,0.5439,False,359,402.0,Splat_402,Splatter,NEUR,"Midbrain: 58.2%, Hypothalamus: 41.6%, Amygdala: 0.1%"
Cluster449,COVAR,16231,-0.81964,-0.0015833,6.0771,0.55364,False,360,449.0,Thex_449,Thalamic excitatory,,"Thalamus: 98.7%, Amygdala: 1.0%, Midbrain: 0.3%"
Cluster454,COVAR,16231,-1.0634,-0.001844,6.8898,0.56133,False,361,454.0,Thex_454,Thalamic excitatory,,"Thalamus: 99.5%, Midbrain: 0.5%, Cerebral cortex: 0.0%"
Cluster111,COVAR,16231,-1.1313,-0.0021016,6.3943,0.57021,False,362,111.0,DLCT6b_111,Deep-layer corticothalamic and 6b,NEUR,"Hippocampus: 92.5%, Amygdala: 6.3%, Cerebral cortex: 1.2%"
Cluster182,COVAR,16231,-1.1275,-0.0024403,5.5318,0.58075,False,363,182.0,CA13_182,Hippocampal CA1-3,NEUR,"Hippocampus: 100.0%, Cerebral cortex: 0.0%, Amygdala: 0.0%"
Cluster315,COVAR,16231,-1.2914,-0.0024142,6.2696,0.58159,False,364,315.0,LRL_315,Lower rhombic lip,NEUR,"Pons: 95.9%, Medulla: 1.9%, Cerebral cortex: 1.5%"
Cluster119,COVAR,16231,-1.1385,-0.0026561,5.3488,0.58428,False,365,119.0,CA13_119,Hippocampal CA1-3,NEUR,"Hippocampus: 97.3%, Amygdala: 1.5%, Cerebral cortex: 1.3%"
Cluster451,COVAR,16231,-1.3475,-0.0027614,5.7809,0.59216,False,366,451.0,Thex_451,Thalamic excitatory,,"Thalamus: 99.9%, Midbrain: 0.1%, Hypothalamus: 0.0%"
Cluster97,COVAR,16231,-1.2654,-0.0028192,5.1119,0.59776,False,367,97.0,DLCT6b_97,Deep-layer corticothalamic and 6b,NEUR,"Cerebral cortex: 54.4%, Hippocampus: 42.5%, Amygdala: 2.1%"
Cluster372,COVAR,16231,-1.9669,-0.0031863,7.5363,0.60295,False,368,372.0,Thex_372,Thalamic excitatory,NEUR,"Midbrain: 53.2%, Thalamus: 44.2%, Cerebral cortex: 2.5%"
Cluster32,COVAR,16231,-1.2317,-0.0036122,4.08,0.61863,False,369,32.0,OPC_32,Oligodendrocyte precursor,OPC,"Hypothalamus: 54.7%, Thalamus: 16.6%, Amygdala: 8.5%"
Cluster325,COVAR,16231,-2.0225,-0.0037153,6.6905,0.61878,False,370,325.0,Mmb_325,Mammillary body,NEUR,"Hypothalamus: 100.0%, Cerebral cortex: 0.0%, Amygdala: 0.0%"
Cluster53,COVAR,16231,-1.0384,-0.0036444,3.3613,0.62131,False,371,53.0,Astro_53,Astrocyte,ASTRO,"Hippocampus: 96.3%, Cerebral cortex: 1.5%, Basal forebrain: 1.3%"
Cluster215,COVAR,16231,-1.8942,-0.0040735,5.3051,0.63947,False,372,215.0,MSN_215,Medium spiny neuron,NEUR,"Basal forebrain: 85.0%, Amygdala: 9.2%, Cerebral cortex: 3.6%"
Cluster458,COVAR,16231,-2.1825,-0.0044578,5.8719,0.64493,False,373,458.0,Thex_458,Thalamic excitatory,NEUR,"Thalamus: 93.6%, Midbrain: 6.4%, Amygdala: 0.0%"
Cluster297,COVAR,16231,-0.58008,-0.0052898,1.2894,0.6736,False,374,297.0,URL_297,Upper rhombic lip,,"Midbrain: 97.1%, Thalamus: 2.9%, Cerebral cortex: 0.0%"
Cluster58,COVAR,16231,-1.5575,-0.0056324,3.3073,0.68115,False,375,58.0,Astro_58,Astrocyte,ASTRO,"Cerebral cortex: 57.1%, Hippocampus: 37.8%, Amygdala: 3.0%"
Cluster103,COVAR,16231,-2.5784,-0.0055099,5.2905,0.687,False,376,103.0,DLCT6b_103,Deep-layer corticothalamic and 6b,NEUR,"Cerebral cortex: 62.0%, Hippocampus: 25.8%, Amygdala: 12.1%"
Cluster126,COVAR,16231,-2.9836,-0.0064174,5.7531,0.69798,False,377,126.0,ULIT_126,Upper-layer intratelencephalic,NEUR,"Cerebral cortex: 90.8%, Basal forebrain: 3.3%, Hypothalamus: 2.9%"
Cluster450,COVAR,16231,-3.0329,-0.0064802,5.5362,0.70809,False,378,450.0,Thex_450,Thalamic excitatory,,"Thalamus: 99.9%, Basal forebrain: 0.0%, Hypothalamus: 0.0%"
Cluster38,COVAR,16231,-1.9529,-0.0066424,3.466,0.71343,False,379,38.0,COP_38,Committed oligodendrocyte precursor,OLIGO,"Hippocampus: 29.9%, Cerebral cortex: 29.5%, Pons: 7.8%"
Cluster20,COVAR,16231,-1.052,-0.0068376,1.8152,0.71889,False,380,20.0,Vsmc_20,Vascular,VSMC,"Thalamus: 21.8%, Cerebral cortex: 13.7%, Medulla: 12.4%"
Cluster186,COVAR,16231,-3.5395,-0.0068843,6.0522,0.72066,False,381,186.0,CA13_186,Hippocampal CA1-3,NEUR,"Hippocampus: 98.7%, Cerebral cortex: 1.1%, Amygdala: 0.2%"
Cluster48,COVAR,16231,-1.7124,-0.0068929,2.8092,0.72892,False,382,48.0,Oligo_48,Oligodendrocyte,OLIGO,"Basal forebrain: 47.8%, Thalamus: 42.2%, Hypothalamus: 5.3%"
Cluster171,COVAR,16231,-3.3598,-0.0070902,5.4827,0.72999,False,383,171.0,Amex_171,Amygdala excitatory,NEUR,"Hippocampus: 93.7%, Amygdala: 5.7%, Cerebral cortex: 0.3%"
Cluster172,COVAR,16231,-4.5105,-0.0074757,7.2928,0.73187,False,384,172.0,Amex_172,Amygdala excitatory,NEUR,"Cerebral cortex: 90.6%, Hippocampus: 8.8%, Amygdala: 0.6%"
Cluster19,COVAR,16231,-1.1225,-0.0079036,1.6565,0.751,False,385,19.0,Vsmc_19,Vascular,ENDO VSMC,"Thalamus: 28.4%, Midbrain: 12.2%, Medulla: 11.8%"
Cluster452,COVAR,16231,-3.614,-0.0080998,5.0775,0.76169,False,386,452.0,Thex_452,Thalamic excitatory,,"Thalamus: 98.9%, Midbrain: 1.1%, Amygdala: 0.0%"
Cluster15,COVAR,16231,-1.11,-0.0085389,1.4914,0.77164,False,387,15.0,VendC_15,Vascular,ENDO,"Cerebral cortex: 23.2%, Hippocampus: 15.7%, Thalamus: 15.3%"
Cluster16,COVAR,16231,-1.3463,-0.0085233,1.8025,0.77243,False,388,16.0,VendVC_16,Vascular,ENDO,"Cerebral cortex: 25.5%, Hippocampus: 17.8%, Midbrain: 8.4%"
Cluster192,COVAR,16231,-3.7812,-0.0090968,5.0452,0.77321,False,389,192.0,CA4_192,Hippocampal CA4,NEUR,"Hippocampus: 99.6%, Cerebral cortex: 0.4%, Amygdala: 0.0%"
Cluster199,COVAR,16231,-3.5284,-0.0090145,4.4384,0.78668,False,390,199.0,DG_199,Hippocampal dentate gyrus,NEUR,"Hippocampus: 96.8%, Thalamus: 3.2%, Cerebral cortex: 0.0%"
Cluster322,COVAR,16231,-3.5164,-0.0096356,4.3499,0.79056,False,391,322.0,LRL_322,Lower rhombic lip,NEUR,"Pons: 83.9%, Medulla: 15.5%, Cerebral cortex: 0.4%"
Cluster49,COVAR,16231,-2.8279,-0.0095927,3.3582,0.80012,False,392,49.0,Oligo_49,Oligodendrocyte,OLIGO,"Pons: 30.3%, Midbrain: 20.2%, Medulla: 12.2%"
Cluster314,COVAR,16231,-1.5828,-0.0093215,1.8596,0.80264,False,393,314.0,Misc_314,Miscellaneous,NEUR,"Medulla: 35.7%, Pons: 33.3%, Cerebellum: 26.2%"
Cluster2,COVAR,16231,-0.65582,-0.010286,0.72414,0.81743,False,394,2.0,Nkcell_2,Miscellaneous,NK,"Thalamus: 17.6%, Cerebral cortex: 15.5%, Basal forebrain: 14.8%"
Cluster321,COVAR,16231,-5.8692,-0.011558,6.1435,0.83029,False,395,321.0,LRL_321,Lower rhombic lip,NEUR,"Pons: 95.9%, Medulla: 3.3%, Midbrain: 0.4%"
Cluster14,COVAR,16231,-1.5617,-0.011452,1.5915,0.83677,False,396,14.0,VendAC_14,Vascular,ENDO,"Hippocampus: 23.8%, Cerebral cortex: 23.3%, Thalamus: 10.3%"
Cluster448,COVAR,16231,-4.2556,-0.011883,4.2856,0.83963,False,397,448.0,Thex_448,Thalamic excitatory,NEUR,"Thalamus: 99.7%, Amygdala: 0.3%, Basal forebrain: 0.0%"
Cluster63,COVAR,16231,-2.8871,-0.012124,2.7666,0.85164,False,398,63.0,Astro_63,Astrocyte,ASTRO,"Medulla: 38.6%, Spinal cord: 20.0%, Pons: 15.4%"
Cluster205,COVAR,16231,-7.3303,-0.012502,7.0041,0.85234,False,399,205.0,DG_205,Hippocampal dentate gyrus,NEUR,"Hippocampus: 96.5%, Midbrain: 3.4%, Thalamus: 0.0%"
Cluster204,COVAR,16231,-6.4497,-0.012528,5.9877,0.85928,False,400,204.0,DG_204,Hippocampal dentate gyrus,NEUR,"Hippocampus: 98.3%, Thalamus: 1.7%, Cerebral cortex: 0.0%"
Cluster61,COVAR,16231,-3.216,-0.013086,2.9251,0.8642,False,401,61.0,Astro_61,Astrocyte,ASTRO,"Hippocampus: 47.7%, Cerebral cortex: 21.1%, Basal forebrain: 19.2%"
Cluster175,COVAR,16231,-8.6751,-0.014167,7.3516,0.88099,False,402,175.0,Amex_175,Amygdala excitatory,NEUR,"Cerebral cortex: 91.3%, Hippocampus: 7.3%, Amygdala: 1.2%"
Cluster184,COVAR,16231,-5.9063,-0.014756,4.7289,0.89415,False,403,184.0,CA13_184,Hippocampal CA1-3,NEUR,"Hippocampus: 100.0%, Amygdala: 0.0%, Cerebral cortex: 0.0%"
Cluster338,COVAR,16231,-5.9131,-0.015505,4.6618,0.89767,False,404,338.0,Splat_338,Splatter,NEUR,"Medulla: 99.1%, Basal forebrain: 0.6%, Pons: 0.3%"
Cluster23,COVAR,16231,-2.7439,-0.014536,2.157,0.89832,False,405,23.0,Per_23,Vascular,,"Thalamus: 48.8%, Cerebral cortex: 25.0%, Basal forebrain: 10.7%"
Cluster17,COVAR,16231,-1.6134,-0.014614,1.2497,0.90163,False,406,17.0,VendV_17,Vascular,ENDO,"Hypothalamus: 26.7%, Medulla: 21.8%, Pons: 15.8%"
Cluster336,COVAR,16231,-6.3102,-0.015394,4.8819,0.9019,False,407,336.0,Splat_336,Splatter,NEUR,"Midbrain: 91.5%, Thalamus: 8.1%, Medulla: 0.3%"
Cluster22,COVAR,16231,-2.7103,-0.015175,2.045,0.90746,False,408,22.0,Per_22,Vascular,PER,"Thalamus: 34.2%, Cerebral cortex: 15.9%, Basal forebrain: 10.2%"
Cluster29,COVAR,16231,-2.084,-0.015577,1.5147,0.91554,False,409,29.0,Fbl_29,Fibroblast,,"Medulla: 41.3%, Spinal cord: 39.7%, Thalamus: 4.8%"
Cluster65,COVAR,16231,-3.9387,-0.016252,2.8164,0.919,False,410,65.0,Epen_65,Ependymal,EPEN,"Midbrain: 28.4%, Hippocampus: 12.5%, Pons: 12.5%"
Cluster1,COVAR,16231,-1.2624,-0.016557,0.89905,0.91985,False,411,1.0,Tcell_1,Miscellaneous,TCELL,"Midbrain: 15.0%, Basal forebrain: 14.0%, Pons: 13.2%"
Cluster453,COVAR,16231,-7.7465,-0.016771,5.5077,0.9202,False,412,453.0,Thex_453,Thalamic excitatory,,"Thalamus: 82.7%, Midbrain: 17.3%, Cerebral cortex: 0.0%"
Cluster337,COVAR,16231,-6.5733,-0.016916,4.5562,0.92544,False,413,337.0,Splat_337,Splatter,NEUR,"Basal forebrain: 81.9%, Midbrain: 17.6%, Hypothalamus: 0.5%"
Cluster30,COVAR,16231,-3.5508,-0.016801,2.4425,0.92698,False,414,30.0,Fbl_30,Fibroblast,CHRP,"Cerebral cortex: 35.3%, Basal forebrain: 29.7%, Medulla: 10.6%"
Cluster13,COVAR,16231,-1.961,-0.016439,1.3413,0.92813,False,415,13.0,VendPLVAP_13,Vascular,CHRP ENDO,"Basal forebrain: 74.0%, Medulla: 23.3%, Hippocampus: 1.4%"
Cluster317,COVAR,16231,-8.4608,-0.020788,5.2965,0.9449,False,416,317.0,LRL_317,Lower rhombic lip,NEUR,"Pons: 97.6%, Medulla: 2.1%, Midbrain: 0.2%"
Cluster0,COVAR,16231,-1.465,-0.018497,0.89616,0.94894,False,417,0.0,Bcell_0,Miscellaneous,BCELL,"Midbrain: 21.0%, Basal forebrain: 19.0%, Pons: 14.3%"
Cluster26,COVAR,16231,-3.8074,-0.019008,2.3288,0.94895,False,418,26.0,Fbl_26,Fibroblast,FIB,"Thalamus: 20.7%, Basal forebrain: 15.4%, Pons: 13.1%"
Cluster319,COVAR,16231,-9.7117,-0.02024,5.8442,0.95171,False,419,319.0,LRL_319,Lower rhombic lip,NEUR,"Pons: 97.8%, Midbrain: 1.2%, Medulla: 1.0%"
Cluster50,COVAR,16231,-4.0371,-0.019668,2.3067,0.95994,False,420,50.0,Oligo_50,Oligodendrocyte,OLIGO,"Hypothalamus: 90.7%, Thalamus: 3.6%, Basal forebrain: 3.6%"
Cluster27,COVAR,16231,-4.4817,-0.020523,2.5306,0.96171,False,421,27.0,Fbl_27,Fibroblast,FIB,"Thalamus: 34.3%, Cerebral cortex: 15.0%, Pons: 13.3%"
Cluster21,COVAR,16231,-3.455,-0.021239,1.8929,0.966,False,422,21.0,Per_21,Vascular,PER,"Thalamus: 28.3%, Pons: 17.9%, Basal forebrain: 9.8%"
Cluster18,COVAR,16231,-2.3591,-0.020695,1.2916,0.9661,False,423,18.0,VendA_18,Vascular,ENDO,"Cerebral cortex: 23.3%, Medulla: 16.4%, Thalamus: 14.6%"
Cluster320,COVAR,16231,-9.9022,-0.023228,5.3717,0.96735,False,424,320.0,LRL_320,Lower rhombic lip,NEUR,"Pons: 90.4%, Medulla: 6.2%, Basal forebrain: 3.2%"
Cluster342,COVAR,16231,-8.3369,-0.022779,4.5078,0.96779,False,425,342.0,Splat_342,Splatter,NEUR,"Cerebellum: 97.0%, Pons: 1.8%, Midbrain: 0.8%"
Cluster75,COVAR,16231,-5.855,-0.0213,3.0667,0.97187,False,426,75.0,COP_75,Committed oligodendrocyte precursor,CHRP EPEN NEUR,"Medulla: 38.6%, Basal forebrain: 32.9%, Thalamus: 15.7%"
Cluster432,COVAR,16231,-6.5531,-0.023449,3.4177,0.9724,False,427,432.0,Splat_432,Splatter,NEUR,"Hypothalamus: 79.8%, Midbrain: 19.6%, Thalamus: 0.6%"
Cluster73,COVAR,16231,-4.4568,-0.022002,2.3119,0.97305,False,428,73.0,Epen_73,Ependymal,EPEN,"Hippocampus: 85.9%, Amygdala: 8.2%, Basal forebrain: 1.9%"
Cluster67,COVAR,16231,-3.75,-0.021949,1.9426,0.97321,False,429,67.0,Epen_67,Ependymal,CHRP EPEN,"Medulla: 52.7%, Spinal cord: 22.3%, Pons: 17.8%"
Cluster72,COVAR,16231,-4.9987,-0.023653,2.4247,0.98037,False,430,72.0,Epen_72,Ependymal,EPEN,"Hippocampus: 53.2%, Amygdala: 20.2%, Basal forebrain: 7.9%"
Cluster64,COVAR,16231,-4.9462,-0.024298,2.3649,0.98175,False,431,64.0,Astro_64,Astrocyte,ASTRO,"Hypothalamus: 93.0%, Amygdala: 1.6%, Thalamus: 1.6%"
Cluster71,COVAR,16231,-4.7507,-0.023926,2.2627,0.98211,False,432,71.0,Epen_71,Ependymal,EPEN,"Basal forebrain: 41.0%, Hypothalamus: 26.7%, Thalamus: 14.5%"
Cluster82,COVAR,16231,-4.5618,-0.024057,2.1475,0.98317,False,433,82.0,Chrp_82,Choroid plexus,CHRP,"Basal forebrain: 76.6%, Medulla: 22.2%, Pons: 1.2%"
Cluster28,COVAR,16231,-4.095,-0.02439,1.9262,0.98324,False,434,28.0,Fbl_28,Fibroblast,FIB,"Thalamus: 36.4%, Cerebral cortex: 12.1%, Pons: 11.0%"
Cluster74,COVAR,16231,-5.28,-0.025309,2.403,0.98599,False,435,74.0,Epen_74,Ependymal,CHRP EPEN,"Basal forebrain: 68.3%, Thalamus: 13.3%, Medulla: 7.3%"
Cluster25,COVAR,16231,-5.2502,-0.025742,2.3874,0.98605,False,436,25.0,Fbl_25,Fibroblast,FIB,"Thalamus: 22.3%, Cerebral cortex: 20.0%, Pons: 15.0%"
Cluster3,COVAR,16231,-1.7606,-0.026746,0.78612,0.98743,False,437,3.0,Mono_3,Miscellaneous,MONO,"Thalamus: 21.9%, Pons: 16.1%, Basal forebrain: 13.9%"
Cluster318,COVAR,16231,-13.088,-0.028393,5.6574,0.98964,False,438,318.0,LRL_318,Lower rhombic lip,NEUR,"Pons: 98.8%, Medulla: 0.7%, Midbrain: 0.5%"
Cluster68,COVAR,16231,-3.5111,-0.026436,1.5045,0.99019,False,439,68.0,Epen_68,Ependymal,CHRP EPEN,"Medulla: 29.8%, Pons: 23.1%, Thalamus: 13.7%"
Cluster70,COVAR,16231,-5.2804,-0.026762,2.2473,0.9906,False,440,70.0,Epen_70,Ependymal,EPEN,"Thalamus: 41.0%, Amygdala: 21.3%, Midbrain: 17.1%"
Cluster24,COVAR,16231,-4.5452,-0.028035,1.8619,0.99267,False,441,24.0,Fbl_24,Fibroblast,FIB,"Basal forebrain: 38.0%, Medulla: 32.3%, Hippocampus: 25.1%"
Cluster460,COVAR,16231,-6.2452,-0.038857,2.2535,0.9972,False,442,460.0,Thex_460,Thalamic excitatory,NEUR,"Thalamus: 98.9%, Midbrain: 0.9%, Cerebral cortex: 0.1%"
Cluster66,COVAR,16231,-4.8876,-0.033153,1.7103,0.99786,False,443,66.0,Epen_66,Ependymal,CHRP EPEN,"Medulla: 83.1%, Pons: 16.0%, Midbrain: 0.4%"
Cluster9,COVAR,16231,-4.731,-0.033535,1.6316,0.99813,False,444,9.0,Mgl_9,Microglia,MGL,"Cerebral cortex: 27.2%, Midbrain: 16.6%, Hippocampus: 15.0%"
Cluster4,COVAR,16231,-3.8441,-0.03376,1.3212,0.99819,False,445,4.0,Mgl_4,Microglia,MGL,"Spinal cord: 31.8%, Pons: 26.0%, Medulla: 13.2%"
Cluster8,COVAR,16231,-5.2626,-0.033993,1.7999,0.99827,False,446,8.0,Mgl_8,Microglia,MGL,"Hippocampus: 19.2%, Midbrain: 18.4%, Basal forebrain: 11.1%"
Cluster69,COVAR,16231,-5.5344,-0.034022,1.8717,0.99844,False,447,69.0,Epen_69,Ependymal,EPEN,"Hippocampus: 69.2%, Basal forebrain: 11.2%, Amygdala: 7.6%"
Cluster10,COVAR,16231,-5.3164,-0.035033,1.7515,0.9988,False,448,10.0,Mgl_10,Microglia,MGL,"Basal forebrain: 27.7%, Midbrain: 22.1%, Cerebral cortex: 10.3%"
Cluster316,COVAR,16231,-14.704,-0.039439,4.702,0.99912,False,449,316.0,LRL_316,Lower rhombic lip,NEUR,"Pons: 76.6%, Medulla: 22.0%, Midbrain: 0.6%"
Cluster11,COVAR,16231,-5.8651,-0.038,1.7706,0.99954,False,450,11.0,Mgl_11,Microglia,MGL,"Cerebral cortex: 37.4%, Hippocampus: 24.2%, Thalamus: 11.1%"
Cluster79,COVAR,16231,-8.7735,-0.038704,2.5892,0.99965,False,451,79.0,Chrp_79,Choroid plexus,CHRP,"Basal forebrain: 94.0%, Medulla: 5.0%, Hippocampus: 0.5%"
Cluster7,COVAR,16231,-5.4291,-0.039052,1.5962,0.99966,False,452,7.0,Mgl_7,Microglia,MGL,"Basal forebrain: 32.0%, Midbrain: 19.4%, Pons: 12.5%"
Cluster80,COVAR,16231,-8.8606,-0.038825,2.5949,0.99968,False,453,80.0,Chrp_80,Choroid plexus,CHRP,"Basal forebrain: 94.8%, Medulla: 4.5%, Hippocampus: 0.4%"
Cluster6,COVAR,16231,-5.7104,-0.039486,1.6647,0.9997,False,454,6.0,Mgl_6,Microglia,MGL,"Hippocampus: 25.1%, Basal forebrain: 15.2%, Thalamus: 11.0%"
Cluster31,COVAR,16231,-6.3311,-0.039675,1.8382,0.99971,False,455,31.0,Fbl_31,Fibroblast,CHRP,"Basal forebrain: 47.3%, Medulla: 20.3%, Hypothalamus: 12.4%"
Cluster81,COVAR,16231,-9.6502,-0.041708,2.6573,0.99986,False,456,81.0,Chrp_81,Choroid plexus,CHRP,"Basal forebrain: 73.7%, Medulla: 25.6%, Pons: 0.6%"
Cluster12,COVAR,16231,-4.9564,-0.040816,1.3623,0.99986,False,457,12.0,Mgl_12,Microglia,MAC,"Basal forebrain: 29.4%, Cerebral cortex: 14.0%, Cerebellum: 12.2%"
Cluster5,COVAR,16231,-5.5183,-0.042967,1.4889,0.99989,False,458,5.0,Mgl_5,Microglia,MGL,"Hippocampus: 40.4%, Medulla: 29.6%, Basal forebrain: 20.1%"
Cluster78,COVAR,16231,-9.869,-0.043556,2.5955,0.99993,False,459,78.0,Chrp_78,Choroid plexus,CHRP,"Basal forebrain: 92.5%, Medulla: 6.3%, Thalamus: 0.6%"
Cluster77,COVAR,16231,-9.6144,-0.043401,2.5264,0.99993,False,460,77.0,Chrp_77,Choroid plexus,CHRP,"Basal forebrain: 49.7%, Medulla: 46.2%, Hippocampus: 3.0%"
Cluster76,COVAR,16231,-10.2,-0.043144,2.6482,0.99994,False,461,76.0,Chrp_76,Choroid plexus,CHRP EPEN OLIGO,"Basal forebrain: 55.4%, Medulla: 31.7%, Thalamus: 8.9%"
